id,name,rarity,subtitle,details,image,logo
babe-ruth,Babe Ruth,Chase,"Outfielder, New York Yankees · 1914–1935",714 HR; the Sultan of Swat built the Yankees.,https://upload.wikimedia.org/wikipedia/commons/d/d7/Babe_Ruth%2C_1933.jpg?utm_source=commons.wikimedia.org&utm_campaign=imageinfo&utm_content=thumbnail_unscaled,
hank-aaron,Hank Aaron,Chase,"Right Fielder, Atlanta Braves · 1954–1976","755 HR and 2,297 RBI: the all-time RBI king.",https://upload.wikimedia.org/wikipedia/commons/f/f5/Hank_Aaron_%28BBW%29.jpg?utm_source=commons.wikimedia.org&utm_campaign=imageinfo&utm_content=thumbnail_unscaled,
willie-mays,Willie Mays,Chase,"Center Fielder, San Francisco Giants · 1951–1973",660 HR; 'The Catch' in the 1954 World Series.,https://upload.wikimedia.org/wikipedia/commons/8/80/Willie_Mays_cropped.jpg?utm_source=commons.wikimedia.org&utm_campaign=imageinfo&utm_content=thumbnail_unscaled,
mickey-mantle,Mickey Mantle,Chase,"Center Fielder, New York Yankees · 1951–1968",536 HR; 7x champion; the Commerce Comet.,https://thumb.wikimedia.org/wikipedia/commons/thumb/1/18/1951_Bowman_Mickey_Mantle.png/1280px-1951_Bowman_Mickey_Mantle.png?utm_source=commons.wikimedia.org&utm_campaign=imageinfo&utm_content=thumbnail,
ken-griffey-jr,Ken Griffey Jr.,Chase,"Center Fielder, Seattle Mariners · 1989–2010",630 HR and the sweetest swing ever seen.,https://upload.wikimedia.org/wikipedia/commons/8/8e/Ken_Griffey_Jr._-_San_Bernardino_Spirit.jpg?utm_source=commons.wikimedia.org&utm_campaign=imageinfo&utm_content=thumbnail_unscaled,
derek-jeter,Derek Jeter,Chase,"Shortstop, New York Yankees · 1995–2014","3,465 hits; 5 rings; Mr. November.",https://upload.wikimedia.org/wikipedia/commons/0/0c/Derek-Jeter-in-May-1996.jpg?utm_source=commons.wikimedia.org&utm_campaign=imageinfo&utm_content=thumbnail_unscaled,
mariano-rivera,Mariano Rivera,Chase,"Closer, New York Yankees · 1995–2013",652 saves; 0.70 ERA in the postseason.,https://thumb.wikimedia.org/wikipedia/commons/thumb/a/ac/Mariano_Rivera_%26_Frankie_Cutlass.jpg/1280px-Mariano_Rivera_%26_Frankie_Cutlass.jpg?utm_source=commons.wikimedia.org&utm_campaign=imageinfo&utm_content=thumbnail,
david-ortiz,David Ortiz,Chase,"Designated Hitter, Boston Red Sox · 1997–2016",541 HR; Big Papi ended the 86-year curse.,https://upload.wikimedia.org/wikipedia/commons/0/06/David_Ortiz_2008.jpg?utm_source=commons.wikimedia.org&utm_campaign=imageinfo&utm_content=thumbnail_unscaled,
albert-pujols,Albert Pujols,Chase,"First Baseman, St. Louis Cardinals · 2001–2022","703 HR; 3,384 hits; first-ballot Hall lock.",https://upload.wikimedia.org/wikipedia/commons/7/72/Albert_Pujols_%283982863226%29.jpg?utm_source=commons.wikimedia.org&utm_campaign=imageinfo&utm_content=thumbnail_unscaled,
ichiro-suzuki,Ichiro Suzuki,Chase,"Right Fielder, Seattle Mariners · 2001–2019","3,089 MLB hits; 262 in 2004, still the record.",https://thumb.wikimedia.org/wikipedia/commons/thumb/e/ec/Carlos_Santana_and_Ichiro_Suzuki_on_May_13%2C_2013.jpg/1280px-Carlos_Santana_and_Ichiro_Suzuki_on_May_13%2C_2013.jpg?utm_source=commons.wikimedia.org&utm_campaign=imageinfo&utm_content=thumbnail,
new-york-yankees,New York Yankees,Legendary,American League East,"27 World Series titles, most in MLB history.",https://a.espncdn.com/i/teamlogos/mlb/500/NYY.png,
los-angeles-dodgers,Los Angeles Dodgers,Legendary,National League West,Back-to-back champs: 2024 and 2025.,https://a.espncdn.com/i/teamlogos/mlb/500/LAD.png,
boston-red-sox,Boston Red Sox,Legendary,American League East,Broke the 86-year Curse in 2004.,https://a.espncdn.com/i/teamlogos/mlb/500/BOS.png,
chicago-cubs,Chicago Cubs,Legendary,National League Central,Ended a 108-year drought in 2016.,https://a.espncdn.com/i/teamlogos/mlb/500/CHC.png,
st-louis-cardinals,St. Louis Cardinals,Legendary,National League Central,11 titles; the NL's winningest club.,https://a.espncdn.com/i/teamlogos/mlb/500/STL.png,
san-francisco-giants,San Francisco Giants,Legendary,National League West,"Won it all in 2010, 2012 and 2014.",https://a.espncdn.com/i/teamlogos/mlb/500/SF.png,
atlanta-braves,Atlanta Braves,Legendary,National League East,"Champs in three cities: Boston, Milwaukee, Atlanta.",https://a.espncdn.com/i/teamlogos/mlb/500/ATL.png,
houston-astros,Houston Astros,Legendary,American League West,2017 and 2022 champions; AL West kings.,https://a.espncdn.com/i/teamlogos/mlb/500/HOU.png,
new-york-mets,New York Mets,Legendary,National League East,1986 champs; Queens' beloved underdogs.,https://a.espncdn.com/i/teamlogos/mlb/500/NYM.png,
philadelphia-phillies,Philadelphia Phillies,Legendary,National League East,1980 and 2008 champions; phanatical fans.,https://a.espncdn.com/i/teamlogos/mlb/500/PHI.png,
chicago-white-sox,Chicago White Sox,Legendary,American League Central,2005 champs ended an 88-year wait.,https://a.espncdn.com/i/teamlogos/mlb/500/CHW.png,
detroit-tigers,Detroit Tigers,Legendary,American League Central,4 World Series titles; last won in 1984.,https://a.espncdn.com/i/teamlogos/mlb/500/DET.png,
cleveland-guardians,Cleveland Guardians,Legendary,American League Central,"Two titles (1920, 1948); waiting since.",https://a.espncdn.com/i/teamlogos/mlb/500/CLE.png,
kansas-city-royals,Kansas City Royals,Legendary,American League Central,2015 champs; Royal blue October magic.,https://a.espncdn.com/i/teamlogos/mlb/500/KC.png,
minnesota-twins,Minnesota Twins,Legendary,American League Central,1987 and 1991 champs; Homer Hanky days.,https://a.espncdn.com/i/teamlogos/mlb/500/MIN.png,
los-angeles-angels,Los Angeles Angels,Legendary,American League West,2002 champions; rally monkey forever.,https://a.espncdn.com/i/teamlogos/mlb/500/LAA.png,
athletics,Athletics,Legendary,American League West,9 titles; playing in Sacramento.,https://a.espncdn.com/i/teamlogos/mlb/500/OAK.png,
seattle-mariners,Seattle Mariners,Legendary,American League West,The only franchise never to reach a World Series.,https://a.espncdn.com/i/teamlogos/mlb/500/SEA.png,
texas-rangers,Texas Rangers,Legendary,American League West,Won their first World Series in 2023.,https://a.espncdn.com/i/teamlogos/mlb/500/TEX.png,
tampa-bay-rays,Tampa Bay Rays,Legendary,American League East,"2020 pennant; small payroll, big brains.",https://a.espncdn.com/i/teamlogos/mlb/500/TB.png,
toronto-blue-jays,Toronto Blue Jays,Legendary,American League East,Back-to-back champs in 1992 and 1993.,https://a.espncdn.com/i/teamlogos/mlb/500/TOR.png,
baltimore-orioles,Baltimore Orioles,Legendary,American League East,3 titles; the Birdland rebuild is real.,https://a.espncdn.com/i/teamlogos/mlb/500/BAL.png,
washington-nationals,Washington Nationals,Legendary,National League East,2019 champs; Baby Shark forever.,https://a.espncdn.com/i/teamlogos/mlb/500/WSH.png,
miami-marlins,Miami Marlins,Legendary,National League East,"Perfect 2-0 in World Series (1997, 2003).",https://a.espncdn.com/i/teamlogos/mlb/500/MIA.png,
pittsburgh-pirates,Pittsburgh Pirates,Legendary,National League Central,5 titles; Clemente's legacy lives on.,https://a.espncdn.com/i/teamlogos/mlb/500/PIT.png,
cincinnati-reds,Cincinnati Reds,Legendary,National League Central,Big Red Machine won in '75 and '76.,https://a.espncdn.com/i/teamlogos/mlb/500/CIN.png,
milwaukee-brewers,Milwaukee Brewers,Legendary,National League Central,1982 pennant; still chasing the first ring.,https://a.espncdn.com/i/teamlogos/mlb/500/MIL.png,
arizona-diamondbacks,Arizona Diamondbacks,Legendary,National League West,2001 champs; beat the Yankees in 7.,https://a.espncdn.com/i/teamlogos/mlb/500/ARI.png,
colorado-rockies,Colorado Rockies,Legendary,National League West,2007 pennant; Rocktober magic.,https://a.espncdn.com/i/teamlogos/mlb/500/COL.png,
san-diego-padres,San Diego Padres,Legendary,National League West,Two pennants; still seeking ring one.,https://a.espncdn.com/i/teamlogos/mlb/500/SD.png,
commissioner-s-trophy,Commissioner's Trophy,Legendary,World Series Championship Trophy,"30 gold flags, one per club; hoisted each fall.",https://thumb.wikimedia.org/wikipedia/commons/thumb/5/5c/World_Series_Trophy_%2848262268286%29.jpg/1280px-World_Series_Trophy_%2848262268286%29.jpg?utm_source=commons.wikimedia.org&utm_campaign=imageinfo&utm_content=thumbnail,
shohei-ohtani,Shohei Ohtani,Epic,"Designated Hitter, Los Angeles Dodgers","First 50/50 season ever: 54 HR, 59 SB in 2024.",https://thumb.wikimedia.org/wikipedia/commons/thumb/a/a1/Shohei_Ohtani_%2851004262383%29.jpg/1280px-Shohei_Ohtani_%2851004262383%29.jpg?utm_source=commons.wikimedia.org&utm_campaign=imageinfo&utm_content=thumbnail,
aaron-judge,Aaron Judge,Epic,"Right Field, New York Yankees",62 HR in 2022: the AL single-season record.,https://thumb.wikimedia.org/wikipedia/commons/thumb/a/a1/Aaron_Judge_%2853946528067%29_%28cropped%29.jpg/1280px-Aaron_Judge_%2853946528067%29_%28cropped%29.jpg?utm_source=commons.wikimedia.org&utm_campaign=imageinfo&utm_content=thumbnail,
ronald-acuna-jr,Ronald Acuña Jr.,Epic,"Right Field, Atlanta Braves",40/70 club founder; 2023 NL MVP.,https://thumb.wikimedia.org/wikipedia/commons/thumb/6/61/Ronald_Acu%C3%B1a_Jr._%2843916719191%29.jpg/1280px-Ronald_Acu%C3%B1a_Jr._%2843916719191%29.jpg?utm_source=commons.wikimedia.org&utm_campaign=imageinfo&utm_content=thumbnail,
juan-soto,Juan Soto,Epic,"Right Field, New York Mets",Signed a record $765M deal with the Mets.,https://thumb.wikimedia.org/wikipedia/commons/thumb/7/77/Erik_Kratz_and_Juan_Soto_%2829475581947%29.jpg/1280px-Erik_Kratz_and_Juan_Soto_%2829475581947%29.jpg?utm_source=commons.wikimedia.org&utm_campaign=imageinfo&utm_content=thumbnail,
bryce-harper,Bryce Harper,Epic,"First Base, Philadelphia Phillies","2x NL MVP (2015, 2021); Philly icon.",https://thumb.wikimedia.org/wikipedia/commons/thumb/f/f6/Bryce_Harper.jpg/1280px-Bryce_Harper.jpg?utm_source=commons.wikimedia.org&utm_campaign=imageinfo&utm_content=thumbnail,
mike-trout,Mike Trout,Epic,"Center Field, Los Angeles Angels",3x AL MVP; 12x All-Star; generational talent.,https://thumb.wikimedia.org/wikipedia/commons/thumb/6/69/Mike_Trout_%2851004261708%29.jpg/1280px-Mike_Trout_%2851004261708%29.jpg?utm_source=commons.wikimedia.org&utm_campaign=imageinfo&utm_content=thumbnail,
mookie-betts,Mookie Betts,Epic,"Shortstop, Los Angeles Dodgers",2018 AL MVP; Dodgers infield star.,https://thumb.wikimedia.org/wikipedia/commons/thumb/1/1d/2016-10-07_Mookie_Betts_01.jpg/1280px-2016-10-07_Mookie_Betts_01.jpg?utm_source=commons.wikimedia.org&utm_campaign=imageinfo&utm_content=thumbnail,
freddie-freeman,Freddie Freeman,Epic,"First Base, Los Angeles Dodgers","Walk-off grand slam, 2024 World Series Game 1.",https://thumb.wikimedia.org/wikipedia/commons/thumb/3/30/Freddie_Freeman_-_Dodgers_vs_Nationals_4-23-2024.jpg/1280px-Freddie_Freeman_-_Dodgers_vs_Nationals_4-23-2024.jpg?utm_source=commons.wikimedia.org&utm_campaign=imageinfo&utm_content=thumbnail,
jose-altuve,Jose Altuve,Epic,"Second Base, Houston Astros",2017 AL MVP; 2017 and 2022 champion.,https://thumb.wikimedia.org/wikipedia/commons/thumb/0/0d/John_Mallee_and_Jose_Altuve_May_2014.jpg/1280px-John_Mallee_and_Jose_Altuve_May_2014.jpg?utm_source=commons.wikimedia.org&utm_campaign=imageinfo&utm_content=thumbnail,
fernando-tatis-jr,Fernando Tatis Jr.,Epic,"Right Field, San Diego Padres",42 HR led the NL in 2021; human highlight reel.,https://thumb.wikimedia.org/wikipedia/commons/thumb/1/12/Fernando_Tatis_Jr._6.19.21_Cropped.jpg/1280px-Fernando_Tatis_Jr._6.19.21_Cropped.jpg?utm_source=commons.wikimedia.org&utm_campaign=imageinfo&utm_content=thumbnail,
jose-ramirez,José Ramírez,Epic,"Third Base, Cleveland Guardians",30/30 season in 2018; Cleveland's heartbeat.,https://thumb.wikimedia.org/wikipedia/commons/thumb/9/99/Jose_Ramirez_%2852066694784%29_%28cropped%29.jpg/1280px-Jose_Ramirez_%2852066694784%29_%28cropped%29.jpg?utm_source=commons.wikimedia.org&utm_campaign=imageinfo&utm_content=thumbnail,
bobby-witt-jr,Bobby Witt Jr.,Epic,"Shortstop, Kansas City Royals",2024 AL batting champ at .332.,https://thumb.wikimedia.org/wikipedia/commons/thumb/3/35/4119_Royals_Cleveland_July_2025_bobby_witt_jr.png/1280px-4119_Royals_Cleveland_July_2025_bobby_witt_jr.png?utm_source=commons.wikimedia.org&utm_campaign=imageinfo&utm_content=thumbnail,
gunnar-henderson,Gunnar Henderson,Epic,"Shortstop, Baltimore Orioles",2023 AL Rookie of the Year.,https://thumb.wikimedia.org/wikipedia/commons/thumb/c/c9/GunnarHenderson.jpg/1280px-GunnarHenderson.jpg?utm_source=commons.wikimedia.org&utm_campaign=imageinfo&utm_content=thumbnail,
paul-skenes,Paul Skenes,Epic,"Starting Pitcher, Pittsburgh Pirates",2024 NL ROY; 2025 NL Cy Young winner.,https://thumb.wikimedia.org/wikipedia/commons/thumb/2/2c/CJ_Alexander_crossing_the_plate_to_raise_Paul_Skenes%27s_ERA_above_0.00.jpg/1280px-CJ_Alexander_crossing_the_plate_to_raise_Paul_Skenes%27s_ERA_above_0.00.jpg?utm_source=commons.wikimedia.org&utm_campaign=imageinfo&utm_content=thumbnail,
tarik-skubal,Tarik Skubal,Epic,"Starting Pitcher, Detroit Tigers",2024 AL Cy Young; pitching Triple Crown.,https://thumb.wikimedia.org/wikipedia/commons/thumb/c/c3/Tarik_Skubal_%2853946521477%29.jpg/1280px-Tarik_Skubal_%2853946521477%29.jpg?utm_source=commons.wikimedia.org&utm_campaign=imageinfo&utm_content=thumbnail,
zack-wheeler,Zack Wheeler,Epic,"Starting Pitcher, Philadelphia Phillies",2024 NL Cy Young runner-up; Phillies ace.,https://upload.wikimedia.org/wikipedia/commons/c/cd/2012_07_11_EL_122_Zack_Wheeler.jpg?utm_source=commons.wikimedia.org&utm_campaign=imageinfo&utm_content=thumbnail_unscaled,
fenway-park,Fenway Park,Epic,Home of the Boston Red Sox,Opened 1912; the Green Monster looms in left.,https://thumb.wikimedia.org/wikipedia/commons/thumb/c/c6/Fenway_Park_Panorama_1914.jpg/1280px-Fenway_Park_Panorama_1914.jpg?utm_source=commons.wikimedia.org&utm_campaign=imageinfo&utm_content=thumbnail,
wrigley-field,Wrigley Field,Epic,Home of the Chicago Cubs,Opened 1914; ivy walls and day baseball.,https://thumb.wikimedia.org/wikipedia/commons/thumb/6/66/20150920_05_Wrigley_Field.jpg/1280px-20150920_05_Wrigley_Field.jpg?utm_source=commons.wikimedia.org&utm_campaign=imageinfo&utm_content=thumbnail,
dodger-stadium,Dodger Stadium,Epic,Home of the Los Angeles Dodgers,"MLB's largest park: 56,000 seats.",https://thumb.wikimedia.org/wikipedia/commons/thumb/f/f5/2014_NHL_Stadium_Series_Dodger_Stadium_%2812154108134%29.jpg/1280px-2014_NHL_Stadium_Series_Dodger_Stadium_%2812154108134%29.jpg?utm_source=commons.wikimedia.org&utm_campaign=imageinfo&utm_content=thumbnail,
yankee-stadium,Yankee Stadium,Epic,Home of the New York Yankees,Opened 2009; Monument Park honors legends.,https://thumb.wikimedia.org/wikipedia/commons/thumb/6/68/Yankee_Stadium_aerial_from_Blackhawk.jpg/1280px-Yankee_Stadium_aerial_from_Blackhawk.jpg?utm_source=commons.wikimedia.org&utm_campaign=imageinfo&utm_content=thumbnail,
oracle-park,Oracle Park,Epic,Home of the San Francisco Giants,McCovey Cove; splash hits land in the bay.,https://thumb.wikimedia.org/wikipedia/commons/thumb/2/2a/Oracle_Park_-_August_2025_-_Sarah_Stierch.jpg/1280px-Oracle_Park_-_August_2025_-_Sarah_Stierch.jpg?utm_source=commons.wikimedia.org&utm_campaign=imageinfo&utm_content=thumbnail,
terry-francona,Terry Francona,Epic,"Manager, Cincinnati Reds",Broke the Curse managing Boston's 2004 champs.,https://thumb.wikimedia.org/wikipedia/commons/thumb/2/2b/2015_-WinterMeetings-_Terry_Francona_%2823011672804%29.jpg/1280px-2015_-WinterMeetings-_Terry_Francona_%2823011672804%29.jpg?utm_source=commons.wikimedia.org&utm_campaign=imageinfo&utm_content=thumbnail,
dave-roberts,Dave Roberts,Epic,"Manager, Los Angeles Dodgers","3x champion skipper (2020, 2024, 2025).",https://thumb.wikimedia.org/wikipedia/commons/thumb/b/b6/2015_-WinterMeetings-_Dave_Roberts_%2822985709313%29.jpg/1280px-2015_-WinterMeetings-_Dave_Roberts_%2822985709313%29.jpg?utm_source=commons.wikimedia.org&utm_campaign=imageinfo&utm_content=thumbnail,
alex-cora,Alex Cora,Epic,"Manager, Boston Red Sox",Led Boston to the 2018 World Series title.,https://upload.wikimedia.org/wikipedia/commons/f/fc/AlexCora_20040516.jpg?utm_source=commons.wikimedia.org&utm_campaign=imageinfo&utm_content=thumbnail_unscaled,
clayton-kershaw,Clayton Kershaw,Rare,"Starting Pitcher, Los Angeles Dodgers · 2008–2025","3,039 K; 2.54 ERA; 3x Cy Young winner.",https://thumb.wikimedia.org/wikipedia/commons/thumb/c/c4/20140919_Clayton_Kershaw_windup_during_20th_victory_in_2014.JPG/1280px-20140919_Clayton_Kershaw_windup_during_20th_victory_in_2014.JPG?utm_source=commons.wikimedia.org&utm_campaign=imageinfo&utm_content=thumbnail,
justin-verlander,Justin Verlander,Rare,"Starting Pitcher, Detroit Tigers · 2005–2026","3,560 K; 2011 AL MVP; 3x Cy Young.",https://thumb.wikimedia.org/wikipedia/commons/thumb/f/f3/Justin_Verlander_%2848301261502%29.jpg/1280px-Justin_Verlander_%2848301261502%29.jpg?utm_source=commons.wikimedia.org&utm_campaign=imageinfo&utm_content=thumbnail,
max-scherzer,Max Scherzer,Rare,"Starting Pitcher, Toronto Blue Jays","3,550 K; 3x Cy Young; famously mismatched eyes.",https://thumb.wikimedia.org/wikipedia/commons/thumb/3/3f/Max_Scherzer_%2847448550752%29.jpg/1280px-Max_Scherzer_%2847448550752%29.jpg?utm_source=commons.wikimedia.org&utm_campaign=imageinfo&utm_content=thumbnail,
aaron-boone,Aaron Boone,Rare,"Manager, New York Yankees",Walk-off hero in 2003; Yankees skipper.,https://upload.wikimedia.org/wikipedia/commons/9/9d/AaronBoone.JPG?utm_source=commons.wikimedia.org&utm_campaign=imageinfo&utm_content=thumbnail_unscaled,
a-j-hinch,A.J. Hinch,Rare,"Manager, Detroit Tigers",2017 champion manager; rebuilt Detroit.,https://thumb.wikimedia.org/wikipedia/commons/thumb/9/90/AJ_Hinch_dugout_spring_2015.jpg/1280px-AJ_Hinch_dugout_spring_2015.jpg?utm_source=commons.wikimedia.org&utm_campaign=imageinfo&utm_content=thumbnail,
craig-counsell,Craig Counsell,Rare,"Manager, Chicago Cubs",MLB's highest-paid manager; Brewers legend.,https://thumb.wikimedia.org/wikipedia/commons/thumb/4/4e/2015_-WinterMeetings-_Craig_Counsell_%2823011630624%29.jpg/1280px-2015_-WinterMeetings-_Craig_Counsell_%2823011630624%29.jpg?utm_source=commons.wikimedia.org&utm_campaign=imageinfo&utm_content=thumbnail,
stephen-vogt,Stephen Vogt,Rare,"Manager, Cleveland Guardians",2024 AL Manager of the Year.,https://thumb.wikimedia.org/wikipedia/commons/thumb/e/eb/Stephen_Vogt%2C_August_25%2C_2019_%28cropped%29.jpg/1280px-Stephen_Vogt%2C_August_25%2C_2019_%28cropped%29.jpg?utm_source=commons.wikimedia.org&utm_campaign=imageinfo&utm_content=thumbnail,
rob-thomson,Rob Thomson,Rare,"Manager, Philadelphia Phillies",Took over in 2022; reached the World Series.,https://upload.wikimedia.org/wikipedia/commons/c/cd/Rob_Thomson_%28GbbbcLOHXTQ%29.png?utm_source=commons.wikimedia.org&utm_campaign=imageinfo&utm_content=thumbnail_unscaled,
carlos-mendoza,Carlos Mendoza,Rare,"Manager, New York Mets",Led the 2024 Mets to the NLCS.,https://upload.wikimedia.org/wikipedia/commons/f/f6/Carlos_Mendoza_-_2015_WBSC_Premier_12.jpg?utm_source=commons.wikimedia.org&utm_campaign=imageinfo&utm_content=thumbnail_unscaled,
torey-lovullo,Torey Lovullo,Rare,"Manager, Arizona Diamondbacks",2017 NL Manager of the Year; 2023 pennant.,https://thumb.wikimedia.org/wikipedia/commons/thumb/8/87/ToreyLovullo.jpg/1280px-ToreyLovullo.jpg?utm_source=commons.wikimedia.org&utm_campaign=imageinfo&utm_content=thumbnail,
pat-murphy,Pat Murphy,Rare,"Manager, Milwaukee Brewers",2024 NL Manager of the Year.,https://thumb.wikimedia.org/wikipedia/commons/thumb/2/2f/Pat_Murphy_Netherlands_August_2000.jpg/1280px-Pat_Murphy_Netherlands_August_2000.jpg?utm_source=commons.wikimedia.org&utm_campaign=imageinfo&utm_content=thumbnail,
joe-espada,Joe Espada,Rare,"Manager, Houston Astros",Longtime bench coach turned Astros skipper.,https://thumb.wikimedia.org/wikipedia/commons/thumb/2/21/Joe_Espada_%2853473920042%29_%28cropped%29.jpg/1280px-Joe_Espada_%2853473920042%29_%28cropped%29.jpg?utm_source=commons.wikimedia.org&utm_campaign=imageinfo&utm_content=thumbnail,
oliver-marmol,Oliver Marmol,Rare,"Manager, St. Louis Cardinals",Youngest manager in MLB when hired.,https://upload.wikimedia.org/wikipedia/commons/2/27/Oliver_Marmol.jpg?utm_source=commons.wikimedia.org&utm_campaign=imageinfo&utm_content=thumbnail_unscaled,
oriole-park-at-camden-yards,Oriole Park at Camden Yards,Rare,Home of the Baltimore Orioles,Opened 1992; the retro park that started it all.,https://thumb.wikimedia.org/wikipedia/commons/thumb/e/e7/Oriole_Park_at_Camden_Yards_aerial_view.jpg/1280px-Oriole_Park_at_Camden_Yards_aerial_view.jpg?utm_source=commons.wikimedia.org&utm_campaign=imageinfo&utm_content=thumbnail,
pnc-park,PNC Park,Rare,Home of the Pittsburgh Pirates,River views; baseball's prettiest park.,https://thumb.wikimedia.org/wikipedia/commons/thumb/e/e1/EM_PNC_PARK_%282441698117%29.jpg/1280px-EM_PNC_PARK_%282441698117%29.jpg?utm_source=commons.wikimedia.org&utm_campaign=imageinfo&utm_content=thumbnail,
kauffman-stadium,Kauffman Stadium,Rare,Home of the Kansas City Royals,Fountains beyond the outfield since 1973.,https://thumb.wikimedia.org/wikipedia/commons/thumb/c/c2/Kauffman_Stadium_exterior.jpg/1280px-Kauffman_Stadium_exterior.jpg?utm_source=commons.wikimedia.org&utm_campaign=imageinfo&utm_content=thumbnail,
busch-stadium,Busch Stadium,Rare,Home of the St. Louis Cardinals,Opened 2006; arch views downtown.,https://thumb.wikimedia.org/wikipedia/commons/thumb/d/d7/Busch_Stadium_%289830657364%29.jpg/1280px-Busch_Stadium_%289830657364%29.jpg?utm_source=commons.wikimedia.org&utm_campaign=imageinfo&utm_content=thumbnail,
truist-park,Truist Park,Rare,Home of the Atlanta Braves,Opened 2017; The Battery buzzes outside.,https://thumb.wikimedia.org/wikipedia/commons/thumb/5/5e/Truist_Park.jpg/1280px-Truist_Park.jpg?utm_source=commons.wikimedia.org&utm_campaign=imageinfo&utm_content=thumbnail,
petco-park,Petco Park,Rare,Home of the San Diego Padres,Western Metal Supply Co. building in left.,https://thumb.wikimedia.org/wikipedia/commons/thumb/f/f5/PetcoBallParkByPhilKonstantin.jpg/1280px-PetcoBallParkByPhilKonstantin.jpg?utm_source=commons.wikimedia.org&utm_campaign=imageinfo&utm_content=thumbnail,
t-mobile-park,T-Mobile Park,Rare,Home of the Seattle Mariners,Retractable roof; opened 1999.,https://thumb.wikimedia.org/wikipedia/commons/thumb/8/8d/T-Mobile_Park_0016.jpg/1280px-T-Mobile_Park_0016.jpg?utm_source=commons.wikimedia.org&utm_campaign=imageinfo&utm_content=thumbnail,
sutter-health-park,Sutter Health Park,Rare,Home of the Athletics,A Triple-A park hosting MLB in Sacramento.,https://thumb.wikimedia.org/wikipedia/commons/thumb/3/3d/Aerial_view_of_Sutter_Health_Park_in_2024.jpg/1280px-Aerial_view_of_Sutter_Health_Park_in_2024.jpg?utm_source=commons.wikimedia.org&utm_campaign=imageinfo&utm_content=thumbnail,
francisco-lindor,Francisco Lindor,Rare,"Shortstop, New York Mets",Mr. Smile; 30/30 shortstop with flair.,https://thumb.wikimedia.org/wikipedia/commons/thumb/4/45/Francisco_Lindor%2C_MLB_Players_Weekend.jpg/1280px-Francisco_Lindor%2C_MLB_Players_Weekend.jpg?utm_source=commons.wikimedia.org&utm_campaign=imageinfo&utm_content=thumbnail,
pete-crow-armstrong,Pete Crow-Armstrong,Rare,"Center Field, Chicago Cubs",Fantasy's No. 1 pick; 30/30 breakout star.,https://thumb.wikimedia.org/wikipedia/commons/thumb/a/a5/Pete_Crow-Armstrong_%2852442182017%29_%28cropped%29.jpg/1280px-Pete_Crow-Armstrong_%2852442182017%29_%28cropped%29.jpg?utm_source=commons.wikimedia.org&utm_campaign=imageinfo&utm_content=thumbnail,
pete-alonso,Pete Alonso,Rare,"First Baseman, Baltimore Orioles",53 HR as a rookie in 2019: an MLB record.,https://thumb.wikimedia.org/wikipedia/commons/thumb/4/4c/Pete_Alonso_fist-bumps_teammates_during_introductions%2C_March_30%2C_2023_%28cropped%29.jpg/1280px-Pete_Alonso_fist-bumps_teammates_during_introductions%2C_March_30%2C_2023_%28cropped%29.jpg?utm_source=commons.wikimedia.org&utm_campaign=imageinfo&utm_content=thumbnail,
manny-machado,Manny Machado,Rare,"Third Baseman, San Diego Padres",350+ HR; 7x All-Star; San Diego's anchor.,https://thumb.wikimedia.org/wikipedia/commons/thumb/1/16/Manny_Machado_8.27.21_%28cropped%29.jpg/1280px-Manny_Machado_8.27.21_%28cropped%29.jpg?utm_source=commons.wikimedia.org&utm_campaign=imageinfo&utm_content=thumbnail,
trea-turner,Trea Turner,Rare,"Shortstop, Philadelphia Phillies",2021 batting champ; elite speed.,https://thumb.wikimedia.org/wikipedia/commons/thumb/6/63/Trea_Turner_%2833974964588%29.jpg/1280px-Trea_Turner_%2833974964588%29.jpg?utm_source=commons.wikimedia.org&utm_campaign=imageinfo&utm_content=thumbnail,
kyle-schwarber,Kyle Schwarber,Rare,"Designated Hitter, Philadelphia Phillies",Leadoff slugger; tape-measure power.,https://thumb.wikimedia.org/wikipedia/commons/thumb/b/b5/2023-04-08_kyle_schwarber_swinging.jpg/1280px-2023-04-08_kyle_schwarber_swinging.jpg?utm_source=commons.wikimedia.org&utm_campaign=imageinfo&utm_content=thumbnail,
corey-seager,Corey Seager,Rare,"Shortstop, Texas Rangers",2023 World Series MVP.,https://thumb.wikimedia.org/wikipedia/commons/thumb/4/47/Corey_Seager_%2853626731808%29_%28cropped%29.jpg/1280px-Corey_Seager_%2853626731808%29_%28cropped%29.jpg?utm_source=commons.wikimedia.org&utm_campaign=imageinfo&utm_content=thumbnail,
jacob-degrom,Jacob deGrom,Rare,"Starting Pitcher, Texas Rangers",2x Cy Young; 100 mph with command.,https://thumb.wikimedia.org/wikipedia/commons/thumb/5/50/Jacob_deGrom_%2847449527382%29_%28cropped%29.jpg/1280px-Jacob_deGrom_%2847449527382%29_%28cropped%29.jpg?utm_source=commons.wikimedia.org&utm_campaign=imageinfo&utm_content=thumbnail,
yordan-alvarez,Yordan Alvarez,Rare,"Designated Hitter, Houston Astros",2019 AL Rookie of the Year; Cuban slugger.,https://thumb.wikimedia.org/wikipedia/commons/thumb/c/c0/Yordan_Alvarez_%2848784546838%29.jpg/1280px-Yordan_Alvarez_%2848784546838%29.jpg?utm_source=commons.wikimedia.org&utm_campaign=imageinfo&utm_content=thumbnail,
vladimir-guerrero-jr,Vladimir Guerrero Jr.,Rare,"First Baseman, Toronto Blue Jays",2021 HR Derby champ; 48 HR that year.,https://upload.wikimedia.org/wikipedia/commons/0/0d/Vladimir_Guerrero_Jr._%2851324781714%29_%28cropped%29.jpg?utm_source=commons.wikimedia.org&utm_campaign=imageinfo&utm_content=thumbnail_unscaled,
rafael-devers,Rafael Devers,Rare,"Third Baseman, San Francisco Giants",Traded to SF in 2025; 30-HR power.,https://thumb.wikimedia.org/wikipedia/commons/thumb/4/42/Rafael_Devers_Unique_Batting_Stance.jpg/1280px-Rafael_Devers_Unique_Batting_Stance.jpg?utm_source=commons.wikimedia.org&utm_campaign=imageinfo&utm_content=thumbnail,
matt-chapman,Matt Chapman,Rare,"Third Baseman, San Francisco Giants",5x Gold Glove at the hot corner.,https://upload.wikimedia.org/wikipedia/commons/d/df/Matt_Chapman_%2851005053792%29_%28cropped%29.jpg?utm_source=commons.wikimedia.org&utm_campaign=imageinfo&utm_content=thumbnail_unscaled,
logan-webb,Logan Webb,Rare,"Starting Pitcher, San Francisco Giants",2023 NL Cy Young runner-up; innings eater.,https://thumb.wikimedia.org/wikipedia/commons/thumb/8/80/Logan_Webb_20210928.jpg/1280px-Logan_Webb_20210928.jpg?utm_source=commons.wikimedia.org&utm_campaign=imageinfo&utm_content=thumbnail,
corbin-burnes,Corbin Burnes,Rare,"Starting Pitcher, Arizona Diamondbacks",2021 NL Cy Young with the Brewers.,https://thumb.wikimedia.org/wikipedia/commons/thumb/a/a5/Corbin_Burnes_%2843423890531%29.jpg/1280px-Corbin_Burnes_%2843423890531%29.jpg?utm_source=commons.wikimedia.org&utm_campaign=imageinfo&utm_content=thumbnail,
ketel-marte,Ketel Marte,Rare,"Second Base, Arizona Diamondbacks",2023 NLCS MVP; switch-hitting star.,https://thumb.wikimedia.org/wikipedia/commons/thumb/8/83/KetelMarte.jpg/1280px-KetelMarte.jpg?utm_source=commons.wikimedia.org&utm_campaign=imageinfo&utm_content=thumbnail,
corbin-carroll,Corbin Carroll,Rare,"Right Field, Arizona Diamondbacks","Led MLB in triples 3 straight years, a first.",https://thumb.wikimedia.org/wikipedia/commons/thumb/d/d1/CorbinCarroll.jpg/1280px-CorbinCarroll.jpg?utm_source=commons.wikimedia.org&utm_campaign=imageinfo&utm_content=thumbnail,
elly-de-la-cruz,Elly De La Cruz,Rare,"Shortstop, Cincinnati Reds",Fastest man in baseball; 30/30 talent.,https://thumb.wikimedia.org/wikipedia/commons/thumb/8/81/EllyDeLaCruz_%2809092025%29.jpg/1280px-EllyDeLaCruz_%2809092025%29.jpg?utm_source=commons.wikimedia.org&utm_campaign=imageinfo&utm_content=thumbnail,
hunter-greene,Hunter Greene,Rare,"Starting Pitcher, Cincinnati Reds",Throws 102; 2024 All-Star.,https://thumb.wikimedia.org/wikipedia/commons/thumb/c/c4/Hunter_Greene_%2851253493007%29.jpg/1280px-Hunter_Greene_%2851253493007%29.jpg?utm_source=commons.wikimedia.org&utm_campaign=imageinfo&utm_content=thumbnail,
jazz-chisholm-jr,Jazz Chisholm Jr.,Rare,"Second Base, New York Yankees",Bahamian flash; 40-steal speed.,https://thumb.wikimedia.org/wikipedia/commons/thumb/9/9a/Jazz_Chisholm_Jr._gestures_after_touching_home_plate%2C_April_8%2C_2023.jpg/1280px-Jazz_Chisholm_Jr._gestures_after_touching_home_plate%2C_April_8%2C_2023.jpg?utm_source=commons.wikimedia.org&utm_campaign=imageinfo&utm_content=thumbnail,
gerrit-cole,Gerrit Cole,Rare,"Starting Pitcher, New York Yankees",2023 AL Cy Young; returned from Tommy John.,https://thumb.wikimedia.org/wikipedia/commons/thumb/c/c8/Gerrit_Cole_%2853946526367%29.jpg/1280px-Gerrit_Cole_%2853946526367%29.jpg?utm_source=commons.wikimedia.org&utm_campaign=imageinfo&utm_content=thumbnail,
max-fried,Max Fried,Rare,"Starting Pitcher, New York Yankees",2x All-Star lefty; $218M Yankee.,https://thumb.wikimedia.org/wikipedia/commons/thumb/e/ef/Jake_Odorizzi_and_Max_Fried_during_warmups%2C_Aug_05_2022.jpg/1280px-Jake_Odorizzi_and_Max_Fried_during_warmups%2C_Aug_05_2022.jpg?utm_source=commons.wikimedia.org&utm_campaign=imageinfo&utm_content=thumbnail,
carlos-rodon,Carlos Rodón,Rare,"Starting Pitcher, New York Yankees",200-strikeout lefty; 2021 no-hitter.,https://thumb.wikimedia.org/wikipedia/commons/thumb/7/72/Carlos_Rodon.jpg/1280px-Carlos_Rodon.jpg?utm_source=commons.wikimedia.org&utm_campaign=imageinfo&utm_content=thumbnail,
cal-raleigh,Cal Raleigh,Rare,"Catcher, Seattle Mariners",2025 Home Run Derby champion.,https://thumb.wikimedia.org/wikipedia/commons/thumb/b/bf/CalRaleigh2025.png/1280px-CalRaleigh2025.png?utm_source=commons.wikimedia.org&utm_campaign=imageinfo&utm_content=thumbnail,
julio-rodriguez,Julio Rodríguez,Rare,"Center Field, Seattle Mariners",2022 AL Rookie of the Year.,https://upload.wikimedia.org/wikipedia/commons/5/56/Julio_Rodriguez_%28oFImZG-qsk4%29.png?utm_source=commons.wikimedia.org&utm_campaign=imageinfo&utm_content=thumbnail_unscaled,
salvador-perez,Salvador Perez,Rare,"Catcher, Kansas City Royals",2015 WS MVP; 48 HR in 2021.,https://thumb.wikimedia.org/wikipedia/commons/thumb/9/93/Dillon_Gee_and_Salvador_Perez_chat_%2825414095500%29.jpg/1280px-Dillon_Gee_and_Salvador_Perez_chat_%2825414095500%29.jpg?utm_source=commons.wikimedia.org&utm_campaign=imageinfo&utm_content=thumbnail,
matt-olson,Matt Olson,Rare,"First Baseman, Atlanta Braves",54 HR in 2023: a Braves record.,https://thumb.wikimedia.org/wikipedia/commons/thumb/f/fa/Austin_Riley_and_Matt_Olson_playing_catch.jpg/1280px-Austin_Riley_and_Matt_Olson_playing_catch.jpg?utm_source=commons.wikimedia.org&utm_campaign=imageinfo&utm_content=thumbnail,
austin-riley,Austin Riley,Rare,"Third Baseman, Atlanta Braves",2x All-Star; 2021 champion.,https://upload.wikimedia.org/wikipedia/commons/0/0b/Austin_Riley_%2852329558803%29.jpg?utm_source=commons.wikimedia.org&utm_campaign=imageinfo&utm_content=thumbnail_unscaled,
spencer-strider,Spencer Strider,Rare,"Starting Pitcher, Atlanta Braves",281 K in 2023; mustache and heat.,https://thumb.wikimedia.org/wikipedia/commons/thumb/2/20/Spencer_Strider_9_13_2023.jpg/1280px-Spencer_Strider_9_13_2023.jpg?utm_source=commons.wikimedia.org&utm_campaign=imageinfo&utm_content=thumbnail,
chris-sale,Chris Sale,Rare,"Starting Pitcher, Atlanta Braves",2024 NL Cy Young; Triple Crown winner.,https://thumb.wikimedia.org/wikipedia/commons/thumb/0/06/Chris_Sale_%2848069955113%29.jpg/1280px-Chris_Sale_%2848069955113%29.jpg?utm_source=commons.wikimedia.org&utm_campaign=imageinfo&utm_content=thumbnail,
kevin-cash,Kevin Cash,Uncommon,"Manager, Tampa Bay Rays","2x AL Manager of the Year (2020, 2021).",https://upload.wikimedia.org/wikipedia/commons/c/c2/Kevin_Cash_%2853626732183%29_%28cropped%29.jpg?utm_source=commons.wikimedia.org&utm_campaign=imageinfo&utm_content=thumbnail_unscaled,
john-schneider,John Schneider,Uncommon,"Manager, Toronto Blue Jays",Led Toronto since 2022; steady hand.,https://www.baseball-reference.com/req/2025011210/images/headshots/a/a1b9723e_manager.jpg,
matt-quatraro,Matt Quatraro,Uncommon,"Manager, Kansas City Royals",Ex-Rays bench coach; Royals skipper.,https://www.baseball-reference.com/req/2025011210/images/headshots/9/9e453a1c_manager.jpg,
dan-wilson,Dan Wilson,Uncommon,"Manager, Seattle Mariners",Mr. Mariner; manages the Mariners.,https://www.baseball-reference.com/req/2025011210/images/headshots/d/da8711bc_sabr.jpg,
mark-kotsay,Mark Kotsay,Uncommon,"Manager, Athletics",Ex-big leaguer guiding the Sacramento A's.,https://upload.wikimedia.org/wikipedia/commons/b/b3/Mark_Kotsay.jpg?utm_source=commons.wikimedia.org&utm_campaign=imageinfo&utm_content=thumbnail_unscaled,
will-venable,Will Venable,Uncommon,"Manager, Chicago White Sox",Ex-player; hired to rebuild the Sox.,https://upload.wikimedia.org/wikipedia/commons/e/e1/Will_Venable_2013_Padres_MVP.JPG?utm_source=commons.wikimedia.org&utm_campaign=imageinfo&utm_content=thumbnail_unscaled,
clayton-mccullough,Clayton McCullough,Uncommon,"Manager, Miami Marlins",Ex-Dodgers coach; Marlins skipper.,https://upload.wikimedia.org/wikipedia/commons/6/64/Clayton_McCullough_%28cropped%29.jpg?utm_source=commons.wikimedia.org&utm_campaign=imageinfo&utm_content=thumbnail_unscaled,
craig-albernaz,Craig Albernaz,Uncommon,"Manager, Baltimore Orioles",Hired in 2025; Orioles' new skipper.,https://thumb.wikimedia.org/wikipedia/commons/thumb/d/dd/Manager_Craig_Albernaz_001.jpg/1280px-Manager_Craig_Albernaz_001.jpg?utm_source=commons.wikimedia.org&utm_campaign=imageinfo&utm_content=thumbnail,
blake-butera,Blake Butera,Uncommon,"Manager, Washington Nationals",Youngest skipper in MLB at 33.,https://upload.wikimedia.org/wikipedia/commons/b/bf/Blake_Butera_%2855280041275%29_%28cropped%29.jpg?utm_source=commons.wikimedia.org&utm_campaign=imageinfo&utm_content=thumbnail_unscaled,
derek-shelton,Derek Shelton,Uncommon,"Manager, Minnesota Twins",Ex-Pirates skipper; Twins manager.,https://upload.wikimedia.org/wikipedia/commons/6/6b/Derek_Shelton_%28260415-A-KI380-1289%29_%28cropped%29.jpg?utm_source=commons.wikimedia.org&utm_campaign=imageinfo&utm_content=thumbnail_unscaled,
citi-field,Citi Field,Uncommon,Home of the New York Mets,Opened 2009; the Home Run Apple rises.,https://thumb.wikimedia.org/wikipedia/commons/thumb/1/18/Citi_Field_and_Arthur_Ashe_Stadium.jpg/1280px-Citi_Field_and_Arthur_Ashe_Stadium.jpg?utm_source=commons.wikimedia.org&utm_campaign=imageinfo&utm_content=thumbnail,
citizens-bank-park,Citizens Bank Park,Uncommon,Home of the Philadelphia Phillies,Opened 2004; famously rowdy fans.,https://thumb.wikimedia.org/wikipedia/commons/thumb/7/7e/Citizens_Bank_Park_panorama.jpg/1280px-Citizens_Bank_Park_panorama.jpg?utm_source=commons.wikimedia.org&utm_campaign=imageinfo&utm_content=thumbnail,
comerica-park,Comerica Park,Uncommon,Home of the Detroit Tigers,Open since 2000; becomes Fifth Third in '27.,https://thumb.wikimedia.org/wikipedia/commons/thumb/1/19/Comerica-Park-Detroit-MI-Panorama.jpg/1280px-Comerica-Park-Detroit-MI-Panorama.jpg?utm_source=commons.wikimedia.org&utm_campaign=imageinfo&utm_content=thumbnail,
progressive-field,Progressive Field,Uncommon,Home of the Cleveland Guardians,Opened 1994; 455 straight sellouts once.,https://thumb.wikimedia.org/wikipedia/commons/thumb/1/1e/Progressive_Field_Panorama_2012.jpg/1280px-Progressive_Field_Panorama_2012.jpg?utm_source=commons.wikimedia.org&utm_campaign=imageinfo&utm_content=thumbnail,
target-field,Target Field,Uncommon,Home of the Minnesota Twins,Opened 2010; open-air in Minnesota.,https://thumb.wikimedia.org/wikipedia/commons/thumb/1/13/Target_Field_Aerial.jpg/1280px-Target_Field_Aerial.jpg?utm_source=commons.wikimedia.org&utm_campaign=imageinfo&utm_content=thumbnail,
chase-field,Chase Field,Uncommon,Home of the Arizona Diamondbacks,Retractable roof in the desert; opened 1998.,https://thumb.wikimedia.org/wikipedia/commons/thumb/3/38/Chase_Field_aerial.jpg/1280px-Chase_Field_aerial.jpg?utm_source=commons.wikimedia.org&utm_campaign=imageinfo&utm_content=thumbnail,
coors-field,Coors Field,Uncommon,Home of the Colorado Rockies,Mile high; baseballs fly here.,https://thumb.wikimedia.org/wikipedia/commons/thumb/8/8d/Coors_Field_Panorama.jpg/1280px-Coors_Field_Panorama.jpg?utm_source=commons.wikimedia.org&utm_campaign=imageinfo&utm_content=thumbnail,
globe-life-field,Globe Life Field,Uncommon,Home of the Texas Rangers,Retractable roof; opened 2020.,https://thumb.wikimedia.org/wikipedia/commons/thumb/0/0a/Globe_Life_Field_Exterior_2024.jpg/1280px-Globe_Life_Field_Exterior_2024.jpg?utm_source=commons.wikimedia.org&utm_campaign=imageinfo&utm_content=thumbnail,
daikin-park,Daikin Park,Uncommon,Home of the Houston Astros,Renamed in 2025; the train still runs.,https://thumb.wikimedia.org/wikipedia/commons/thumb/d/dd/Minute_Maid_Park_exterior_2019-10-29.jpg/1280px-Minute_Maid_Park_exterior_2019-10-29.jpg?utm_source=commons.wikimedia.org&utm_campaign=imageinfo&utm_content=thumbnail,
brad-ausmus,Brad Ausmus,Uncommon,"Bench Coach, New York Yankees",Ex-Tigers and Angels manager; Boone's right hand.,https://thumb.wikimedia.org/wikipedia/commons/thumb/1/10/2015_-WinterMeetings-_Brad_Ausmus_%2823633449365%29.jpg/1280px-2015_-WinterMeetings-_Brad_Ausmus_%2823633449365%29.jpg?utm_source=commons.wikimedia.org&utm_campaign=imageinfo&utm_content=thumbnail,
matt-blake,Matt Blake,Uncommon,"Pitching Coach, New York Yankees",His staff led MLB with a 3.30 ERA in 2026.,https://upload.wikimedia.org/wikipedia/commons/b/ba/MattBlake2019.png?utm_source=commons.wikimedia.org&utm_campaign=imageinfo&utm_content=thumbnail_unscaled,
mark-prior,Mark Prior,Uncommon,"Pitching Coach, Los Angeles Dodgers",Ex-Cubs phenom; 3x champ as a coach.,https://thumb.wikimedia.org/wikipedia/commons/thumb/2/2d/Mark-prior_delivery_chicago_07-30-2004.jpg/1280px-Mark-prior_delivery_chicago_07-30-2004.jpg?utm_source=commons.wikimedia.org&utm_campaign=imageinfo&utm_content=thumbnail,
ruben-niebla,Rubén Niebla,Uncommon,"Pitching Coach, San Diego Padres",Kept by new skipper Stammen; pitching guru.,https://cdn.mlbtraderumors.com/files/2024/10/RubenNiebla-Padres2024-1024x666.jpg,
pete-walker,Pete Walker,Uncommon,"Pitching Coach, Toronto Blue Jays",Jays' pitching coach since 2013.,https://upload.wikimedia.org/wikipedia/commons/c/c1/Pete_Walker_in_2017_%2834645928822%29.jpg?utm_source=commons.wikimedia.org&utm_campaign=imageinfo&utm_content=thumbnail_unscaled,
kyle-snyder,Kyle Snyder,Uncommon,"Pitching Coach, Tampa Bay Rays",Rays' pitching whisperer since 2018.,https://thumb.wikimedia.org/wikipedia/commons/thumb/2/2e/Kyle_Snyder_on_July_7%2C_2018.jpg/1280px-Kyle_Snyder_on_July_7%2C_2018.jpg?utm_source=commons.wikimedia.org&utm_campaign=imageinfo&utm_content=thumbnail,
john-gibbons,John Gibbons,Uncommon,"Bench Coach, Los Angeles Angels",Ex-Blue Jays manager; 2x ALCS trips.,https://thumb.wikimedia.org/wikipedia/commons/thumb/0/0d/2015_-WinterMeetings-_John_Gibbons_%2823524865462%29.jpg/1280px-2015_-WinterMeetings-_John_Gibbons_%2823524865462%29.jpg?utm_source=commons.wikimedia.org&utm_campaign=imageinfo&utm_content=thumbnail,
manny-acta,Manny Acta,Uncommon,"Bench Coach, Seattle Mariners",Managed Cleveland and Washington before.,https://upload.wikimedia.org/wikipedia/commons/9/9f/9TH_Manny_Acta.jpg?utm_source=commons.wikimedia.org&utm_campaign=imageinfo&utm_content=thumbnail_unscaled,
brady-anderson,Brady Anderson,Uncommon,"Hitting Coach, Los Angeles Angels",Ex-Orioles star; 50-HR season in '96.,https://upload.wikimedia.org/wikipedia/commons/3/36/Brady_Anderson_2010.jpg?utm_source=commons.wikimedia.org&utm_campaign=imageinfo&utm_content=thumbnail_unscaled,
kevin-seitzer,Kevin Seitzer,Uncommon,"Hitting Coach, Seattle Mariners",Ex-Royals All-Star turned hitting guru.,https://upload.wikimedia.org/wikipedia/commons/f/f9/Kevin_Seitzer_on_July_27%2C_2009_%28cropped%29.jpg?utm_source=commons.wikimedia.org&utm_campaign=imageinfo&utm_content=thumbnail_unscaled,
perry-hill,Perry Hill,Uncommon,"Infield Coach, Seattle Mariners",Baseball's most respected infield instructor.,https://upload.wikimedia.org/wikipedia/commons/9/9a/Hillstl2017marlins.jpg?utm_source=commons.wikimedia.org&utm_campaign=imageinfo&utm_content=thumbnail_unscaled,
latroy-hawkins,LaTroy Hawkins,Uncommon,"Bullpen Coach, Minnesota Twins",21-year big-league reliever turned coach.,https://thumb.wikimedia.org/wikipedia/commons/thumb/e/e3/0923_383c_LaTroy_Hawkins.jpg/1280px-0923_383c_LaTroy_Hawkins.jpg?utm_source=commons.wikimedia.org&utm_campaign=imageinfo&utm_content=thumbnail,
giancarlo-stanton,Giancarlo Stanton,Uncommon,"Designated Hitter, New York Yankees",2024 ALCS MVP; 400+ career HR.,https://thumb.wikimedia.org/wikipedia/commons/thumb/b/b1/Giancarlo_Stanton_%2832857255867%29.jpg/1280px-Giancarlo_Stanton_%2832857255867%29.jpg?utm_source=commons.wikimedia.org&utm_campaign=imageinfo&utm_content=thumbnail,
cam-schlittler,Cam Schlittler,Uncommon,"Starting Pitcher, New York Yankees",Rookie ace; likely 2026 AL Cy Young.,https://thumb.wikimedia.org/wikipedia/commons/thumb/b/bf/Cam_Schlittler_%2854476798685%29.jpg/1280px-Cam_Schlittler_%2854476798685%29.jpg?utm_source=commons.wikimedia.org&utm_campaign=imageinfo&utm_content=thumbnail,
david-bednar,David Bednar,Uncommon,"Closer, New York Yankees",35 saves in 2026; 2.47 ERA.,https://upload.wikimedia.org/wikipedia/commons/1/16/David_Bednar_%28cropped%29.jpg?utm_source=commons.wikimedia.org&utm_campaign=imageinfo&utm_content=thumbnail_unscaled,
garrett-crochet,Garrett Crochet,Uncommon,"Starting Pitcher, Boston Red Sox",Flamethrowing lefty; 2025 All-Star.,https://thumb.wikimedia.org/wikipedia/commons/thumb/3/39/GarrettCrochetTennessee.jpg/1280px-GarrettCrochetTennessee.jpg?utm_source=commons.wikimedia.org&utm_campaign=imageinfo&utm_content=thumbnail,
jarren-duran,Jarren Duran,Uncommon,"Center Field, Boston Red Sox",2024 All-Star Game MVP.,https://thumb.wikimedia.org/wikipedia/commons/thumb/3/37/JarrenDuran.jpg/1280px-JarrenDuran.jpg?utm_source=commons.wikimedia.org&utm_campaign=imageinfo&utm_content=thumbnail,
sonny-gray,Sonny Gray,Uncommon,"Starting Pitcher, Boston Red Sox",2023 AL Cy Young runner-up; Red Sox starter.,https://upload.wikimedia.org/wikipedia/commons/2/2f/Sonny_Gray.jpg?utm_source=commons.wikimedia.org&utm_campaign=imageinfo&utm_content=thumbnail_unscaled,
junior-caminero,Junior Caminero,Uncommon,"Third Baseman, Tampa Bay Rays",22-year-old slugger; Tampa's new cornerstone.,https://upload.wikimedia.org/wikipedia/commons/d/d9/JuniorCaminero.jpg?utm_source=commons.wikimedia.org&utm_campaign=imageinfo&utm_content=thumbnail_unscaled,
freddy-peralta,Freddy Peralta,Uncommon,"Starting Pitcher, Tampa Bay Rays",Ex-Brewer ace; Rays starter.,https://upload.wikimedia.org/wikipedia/commons/0/08/Freddy_Peralta_%28ugxsLdIwcXI%29.png?utm_source=commons.wikimedia.org&utm_campaign=imageinfo&utm_content=thumbnail_unscaled,
shane-mcclanahan,Shane McClanahan,Uncommon,"Starting Pitcher, Tampa Bay Rays",2x All-Star; back from Tommy John.,https://upload.wikimedia.org/wikipedia/commons/d/d8/ShaneMcClanahan.jpg?utm_source=commons.wikimedia.org&utm_campaign=imageinfo&utm_content=thumbnail_unscaled,
kevin-gausman,Kevin Gausman,Uncommon,"Starting Pitcher, Toronto Blue Jays",2023 AL strikeout leader.,https://thumb.wikimedia.org/wikipedia/commons/thumb/c/c2/Kevin_Gausman.jpg/1280px-Kevin_Gausman.jpg?utm_source=commons.wikimedia.org&utm_campaign=imageinfo&utm_content=thumbnail,
george-springer,George Springer,Uncommon,"Outfielder, Toronto Blue Jays",2017 WS MVP with Houston.,https://thumb.wikimedia.org/wikipedia/commons/thumb/3/38/George_Springer%2C_Toronto_Blue_Jays_11%2C_Philadelphia_Phillies_%28Split_Squad%29_7%2C_TD_Ballpark%2C_Dunedin%2C_Florida_%2854401658664%29_%28cropped%29.jpg/1280px-George_Springer%2C_Toronto_Blue_Jays_11%2C_Philadelphia_Phillies_%28Split_Squad%29_7%2C_TD_Ballpark%2C_Dunedin%2C_Florida_%2854401658664%29_%28cropped%29.jpg?utm_source=commons.wikimedia.org&utm_campaign=imageinfo&utm_content=thumbnail,
anthony-santander,Anthony Santander,Uncommon,"Outfielder, Toronto Blue Jays",44 HR in 2024; switch-hit power.,https://thumb.wikimedia.org/wikipedia/commons/thumb/8/84/Victor_Reyes%2C_Anthony_Santander_%2826919718687%29.jpg/1280px-Victor_Reyes%2C_Anthony_Santander_%2826919718687%29.jpg?utm_source=commons.wikimedia.org&utm_campaign=imageinfo&utm_content=thumbnail,
adley-rutschman,Adley Rutschman,Uncommon,"Catcher, Baltimore Orioles",No. 1 pick; 2023 All-Star starter.,https://thumb.wikimedia.org/wikipedia/commons/thumb/b/b9/Adley_Rutschman_%2848130140726%29.jpg/1280px-Adley_Rutschman_%2848130140726%29.jpg?utm_source=commons.wikimedia.org&utm_campaign=imageinfo&utm_content=thumbnail,
jackson-holliday,Jackson Holliday,Uncommon,"Second Baseman, Baltimore Orioles",Ex-No. 1 prospect; son of Matt.,https://thumb.wikimedia.org/wikipedia/commons/thumb/b/b1/Jackson_Holliday_2022.jpg/1280px-Jackson_Holliday_2022.jpg?utm_source=commons.wikimedia.org&utm_campaign=imageinfo&utm_content=thumbnail,
felix-bautista,Félix Bautista,Uncommon,"Closer, Baltimore Orioles",103 mph; 2023 All-Star.,https://www.baseball-reference.com/req/2025011210/images/headshots/1/1eb1effd_mlbam.jpg,
steven-kwan,Steven Kwan,Uncommon,"Left Field, Cleveland Guardians",Contact king; 3x Gold Glove.,https://thumb.wikimedia.org/wikipedia/commons/thumb/9/90/Steven_Kwan_%2852065407487%29.jpg/1280px-Steven_Kwan_%2852065407487%29.jpg?utm_source=commons.wikimedia.org&utm_campaign=imageinfo&utm_content=thumbnail,
tanner-bibee,Tanner Bibee,Uncommon,"Starting Pitcher, Cleveland Guardians",2023 ROY runner-up; staff ace.,https://thumb.wikimedia.org/wikipedia/commons/thumb/2/21/Tanner_Bibee_%2852967429927%29_%28cropped%29.jpg/1280px-Tanner_Bibee_%2852967429927%29_%28cropped%29.jpg?utm_source=commons.wikimedia.org&utm_campaign=imageinfo&utm_content=thumbnail,
kerry-carpenter,Kerry Carpenter,Uncommon,"Outfielder, Detroit Tigers",Kerry Bonds; late-bloomer slugger.,https://upload.wikimedia.org/wikipedia/commons/a/a7/Kerry_Carpenter_%2852205731031%29_%28cropped%29.jpg?utm_source=commons.wikimedia.org&utm_campaign=imageinfo&utm_content=thumbnail_unscaled,
jack-flaherty,Jack Flaherty,Uncommon,"Starting Pitcher, Detroit Tigers",2024 champ with LA; back in Detroit.,https://upload.wikimedia.org/wikipedia/commons/3/36/Jack_Flaherty_9.22.22.jpg?utm_source=commons.wikimedia.org&utm_campaign=imageinfo&utm_content=thumbnail_unscaled,
cole-ragans,Cole Ragans,Uncommon,"Starting Pitcher, Kansas City Royals",2024 All-Star; 200-K lefty.,https://thumb.wikimedia.org/wikipedia/commons/thumb/2/29/Cole_Ragans_%2853063037130%29.jpg/1280px-Cole_Ragans_%2853063037130%29.jpg?utm_source=commons.wikimedia.org&utm_campaign=imageinfo&utm_content=thumbnail,
vinnie-pasquantino,Vinnie Pasquantino,Uncommon,"First Baseman, Kansas City Royals",'Pasquatch'; Italian WBC star.,https://thumb.wikimedia.org/wikipedia/commons/thumb/2/2e/Vinnie_Pasquantino_%2852055494106%29.jpg/1280px-Vinnie_Pasquantino_%2852055494106%29.jpg?utm_source=commons.wikimedia.org&utm_campaign=imageinfo&utm_content=thumbnail,
byron-buxton,Byron Buxton,Uncommon,"Center Field, Minnesota Twins",2022 All-Star; elite when healthy.,https://upload.wikimedia.org/wikipedia/commons/6/6c/2025_Twins-Cardinals_Mar_29_byron_buxton.png?utm_source=commons.wikimedia.org&utm_campaign=imageinfo&utm_content=thumbnail_unscaled,
joe-ryan,Joe Ryan,Uncommon,"Starting Pitcher, Minnesota Twins",2025 All-Star; split-finger artist.,https://thumb.wikimedia.org/wikipedia/commons/thumb/4/48/Joe_Ryan_Twins_2025.png/1280px-Joe_Ryan_Twins_2025.png?utm_source=commons.wikimedia.org&utm_campaign=imageinfo&utm_content=thumbnail,
andrew-benintendi,Andrew Benintendi,Uncommon,"Left Field, Chicago White Sox",2022 All-Star; 2018 champ with Boston.,https://thumb.wikimedia.org/wikipedia/commons/thumb/c/c8/2016-10-08_Andrew_Benintendi.jpg/1280px-2016-10-08_Andrew_Benintendi.jpg?utm_source=commons.wikimedia.org&utm_campaign=imageinfo&utm_content=thumbnail,
christian-walker,Christian Walker,Uncommon,"First Baseman, Houston Astros",Gold Glove defender; ex-Diamondback.,https://thumb.wikimedia.org/wikipedia/commons/thumb/6/61/Christian_Walker_Orioles_cropped.jpg/1280px-Christian_Walker_Orioles_cropped.jpg?utm_source=commons.wikimedia.org&utm_campaign=imageinfo&utm_content=thumbnail,
hunter-brown,Hunter Brown,Uncommon,"Starting Pitcher, Houston Astros",Breakout ace; 200+ K stuff.,https://www.baseball-reference.com/req/2025011210/images/headshots/b/b7a84afe_mlbam.jpg,
josh-hader,Josh Hader,Uncommon,"Closer, Houston Astros",3x Reliever of the Year.,https://upload.wikimedia.org/wikipedia/commons/4/4b/Game_03_2025_Astros-Cardinals_Apr_14_josh_hader.png?utm_source=commons.wikimedia.org&utm_campaign=imageinfo&utm_content=thumbnail_unscaled,
wyatt-langford,Wyatt Langford,Uncommon,"Left Field, Texas Rangers",Top-5 pick; 2024 rookie standout.,https://thumb.wikimedia.org/wikipedia/commons/thumb/b/b9/Wyatt_Langford_%2853626533006%29_%28cropped%29.jpg/1280px-Wyatt_Langford_%2853626533006%29_%28cropped%29.jpg?utm_source=commons.wikimedia.org&utm_campaign=imageinfo&utm_content=thumbnail,
nathan-eovaldi,Nathan Eovaldi,Uncommon,"Starting Pitcher, Texas Rangers",2023 WS hero; playoff Nate.,https://thumb.wikimedia.org/wikipedia/commons/thumb/e/e6/Nathan_Eovaldi_%28June_2012%29.jpg/1280px-Nathan_Eovaldi_%28June_2012%29.jpg?utm_source=commons.wikimedia.org&utm_campaign=imageinfo&utm_content=thumbnail,
logan-gilbert,Logan Gilbert,Uncommon,"Starting Pitcher, Seattle Mariners",2024 All-Star; 200-inning workhorse.,https://thumb.wikimedia.org/wikipedia/commons/thumb/1/11/Logan_Gilbert_%2851267861261%29.jpg/1280px-Logan_Gilbert_%2851267861261%29.jpg?utm_source=commons.wikimedia.org&utm_campaign=imageinfo&utm_content=thumbnail,
andres-munoz,Andrés Muñoz,Uncommon,"Closer, Seattle Mariners",103 mph; 2024 All-Star.,https://upload.wikimedia.org/wikipedia/commons/0/01/Andres_Munoz_%28TErbEkyLYJY%29.png?utm_source=commons.wikimedia.org&utm_campaign=imageinfo&utm_content=thumbnail_unscaled,
zach-neto,Zach Neto,Uncommon,"Shortstop, Los Angeles Angels",20/20 shortstop; Angels' new core.,https://thumb.wikimedia.org/wikipedia/commons/thumb/b/b2/Zach_Neto_1_61824.jpg/1280px-Zach_Neto_1_61824.jpg?utm_source=commons.wikimedia.org&utm_campaign=imageinfo&utm_content=thumbnail,
logan-o-hoppe,Logan O'Hoppe,Uncommon,"Catcher, Los Angeles Angels",2025 All-Star; power-hitting backstop.,https://thumb.wikimedia.org/wikipedia/commons/thumb/7/76/Logan_O%E2%80%99Hoppe_2023-04-09.jpg/1280px-Logan_O%E2%80%99Hoppe_2023-04-09.jpg?utm_source=commons.wikimedia.org&utm_campaign=imageinfo&utm_content=thumbnail,
lawrence-butler,Lawrence Butler,Uncommon,"Outfielder, Athletics",20/20 threat; Sacramento's spark.,https://thumb.wikimedia.org/wikipedia/commons/thumb/b/b5/Lawrence_Butler_%2830%29_%28cropped%29.jpg/1280px-Lawrence_Butler_%2830%29_%28cropped%29.jpg?utm_source=commons.wikimedia.org&utm_campaign=imageinfo&utm_content=thumbnail,
nick-kurtz,Nick Kurtz,Uncommon,"First Baseman, Athletics",Top prospect; 2025 debut.,https://upload.wikimedia.org/wikipedia/commons/b/b6/Nick_Kurtz_%28260715-A-BN614-5826%29_%28cropped%29.jpg?utm_source=commons.wikimedia.org&utm_campaign=imageinfo&utm_content=thumbnail_unscaled,
nick-castellanos,Nick Castellanos,Uncommon,"Right Field, Philadelphia Phillies",2x All-Star; 2023 playoff hero.,https://thumb.wikimedia.org/wikipedia/commons/thumb/5/5d/IMG_0017_Nick_Castellanos_%286869140300%29.jpg/1280px-IMG_0017_Nick_Castellanos_%286869140300%29.jpg?utm_source=commons.wikimedia.org&utm_campaign=imageinfo&utm_content=thumbnail,
j-t-realmuto,J.T. Realmuto,Uncommon,"Catcher, Philadelphia Phillies",3x All-Star; 'BCIB'.,https://thumb.wikimedia.org/wikipedia/commons/thumb/9/9b/Brian_Anderson_J_T_Realmuto_Austin_Wynns.jpg/1280px-Brian_Anderson_J_T_Realmuto_Austin_Wynns.jpg?utm_source=commons.wikimedia.org&utm_campaign=imageinfo&utm_content=thumbnail,
jhoan-duran,Jhoan Duran,Uncommon,"Closer, Philadelphia Phillies",103 mph; ex-Twin fireman.,https://www.baseball-reference.com/req/2025011210/images/headshots/9/90545b3f_mlbam.jpg,
brandon-nimmo,Brandon Nimmo,Uncommon,"Left Field, New York Mets",On-base machine; 2024 All-Star.,https://thumb.wikimedia.org/wikipedia/commons/thumb/0/06/Brandon_Nimmo_%2819352225289%29.jpg/1280px-Brandon_Nimmo_%2819352225289%29.jpg?utm_source=commons.wikimedia.org&utm_campaign=imageinfo&utm_content=thumbnail,
kodai-senga,Kodai Senga,Uncommon,"Starting Pitcher, New York Mets",Ghost fork; 2023 All-Star.,https://thumb.wikimedia.org/wikipedia/commons/thumb/9/9f/Kodai_Senga_pitching%2C_March_27%2C_2023_%281%29_%28cropped%29.jpg/1280px-Kodai_Senga_pitching%2C_March_27%2C_2023_%281%29_%28cropped%29.jpg?utm_source=commons.wikimedia.org&utm_campaign=imageinfo&utm_content=thumbnail,
james-wood,James Wood,Uncommon,"Left Field, Washington Nationals","6'7"" slugger; Soto-trade prize.",https://thumb.wikimedia.org/wikipedia/commons/thumb/d/d1/Washington_Nationals_player%2C_James_Wood_%288994611%29_%28cropped%29.jpg/1280px-Washington_Nationals_player%2C_James_Wood_%288994611%29_%28cropped%29.jpg?utm_source=commons.wikimedia.org&utm_campaign=imageinfo&utm_content=thumbnail,
mackenzie-gore,MacKenzie Gore,Uncommon,"Starting Pitcher, Washington Nationals",2025 All-Star; ex-Padre.,https://thumb.wikimedia.org/wikipedia/commons/thumb/a/ab/MacKenzie_Gore_%2852995559841%29.jpg/1280px-MacKenzie_Gore_%2852995559841%29.jpg?utm_source=commons.wikimedia.org&utm_campaign=imageinfo&utm_content=thumbnail,
sandy-alcantara,Sandy Alcantara,Uncommon,"Starting Pitcher, Miami Marlins",2022 NL Cy Young winner.,https://thumb.wikimedia.org/wikipedia/commons/thumb/5/57/Sandy_Alcantara_Nawlins.jpg/1280px-Sandy_Alcantara_Nawlins.jpg?utm_source=commons.wikimedia.org&utm_campaign=imageinfo&utm_content=thumbnail,
kyle-stowers,Kyle Stowers,Uncommon,"Outfielder, Miami Marlins",2025 breakout slugger.,https://thumb.wikimedia.org/wikipedia/commons/thumb/7/73/Kyle_Stowers_%2841341541715%29_%28cropped%29.jpg/1280px-Kyle_Stowers_%2841341541715%29_%28cropped%29.jpg?utm_source=commons.wikimedia.org&utm_campaign=imageinfo&utm_content=thumbnail,
michael-harris-ii,Michael Harris II,Uncommon,"Center Field, Atlanta Braves",2022 NL Rookie of the Year.,https://thumb.wikimedia.org/wikipedia/commons/thumb/4/41/Michael_Harris_II_and_Matt_Olson_during_warmups.jpg/1280px-Michael_Harris_II_and_Matt_Olson_during_warmups.jpg?utm_source=commons.wikimedia.org&utm_campaign=imageinfo&utm_content=thumbnail,
ozzie-albies,Ozzie Albies,Uncommon,"Second Baseman, Atlanta Braves",2x All-Star; 2021 champion.,https://thumb.wikimedia.org/wikipedia/commons/thumb/7/74/Adam_Eaton%2C_Dansby_Swanson_and_Ozzie_Albies_%2843580568871%29.jpg/1280px-Adam_Eaton%2C_Dansby_Swanson_and_Ozzie_Albies_%2843580568871%29.jpg?utm_source=commons.wikimedia.org&utm_campaign=imageinfo&utm_content=thumbnail,
masyn-winn,Masyn Winn,Uncommon,"Shortstop, St. Louis Cardinals",100 mph throws across the diamond.,https://upload.wikimedia.org/wikipedia/commons/4/4f/MasynWinn2024.png?utm_source=commons.wikimedia.org&utm_campaign=imageinfo&utm_content=thumbnail_unscaled,
jj-wetherholt,JJ Wetherholt,Uncommon,"Shortstop, St. Louis Cardinals",Top-10 pick; 2026 debut.,https://thumb.wikimedia.org/wikipedia/commons/thumb/5/57/JJ_Wetherholt_March_31_2026_1332seqn%29.png/1280px-JJ_Wetherholt_March_31_2026_1332seqn%29.png?utm_source=commons.wikimedia.org&utm_campaign=imageinfo&utm_content=thumbnail,
christian-yelich,Christian Yelich,Uncommon,"Designated Hitter, Milwaukee Brewers",2018 NL MVP; batting champ.,https://thumb.wikimedia.org/wikipedia/commons/thumb/d/d8/Christian_Yelich_%2829476599617%29.jpg/1280px-Christian_Yelich_%2829476599617%29.jpg?utm_source=commons.wikimedia.org&utm_campaign=imageinfo&utm_content=thumbnail,
william-contreras,William Contreras,Uncommon,"Catcher, Milwaukee Brewers",Back-to-back All-Star catcher.,https://thumb.wikimedia.org/wikipedia/commons/thumb/8/87/William_Contreras_1_61824.jpg/1280px-William_Contreras_1_61824.jpg?utm_source=commons.wikimedia.org&utm_campaign=imageinfo&utm_content=thumbnail,
dansby-swanson,Dansby Swanson,Uncommon,"Shortstop, Chicago Cubs",2x All-Star; 2021 champ with Atlanta.,https://upload.wikimedia.org/wikipedia/commons/e/e7/Dansby_Swanson.jpg?utm_source=commons.wikimedia.org&utm_campaign=imageinfo&utm_content=thumbnail_unscaled,
shota-imanaga,Shota Imanaga,Uncommon,"Starting Pitcher, Chicago Cubs",2024 All-Star; the Throwing Philosopher.,https://upload.wikimedia.org/wikipedia/commons/b/b1/Shota_Imanaga_in_2023_WBC.jpg?utm_source=commons.wikimedia.org&utm_campaign=imageinfo&utm_content=thumbnail_unscaled,
andrew-abbott,Andrew Abbott,Uncommon,"Starting Pitcher, Cincinnati Reds",2023 ROY runner-up; steady lefty.,https://thumb.wikimedia.org/wikipedia/commons/thumb/e/ea/Andrew_Abbott_%2852865908554%29.jpg/1280px-Andrew_Abbott_%2852865908554%29.jpg?utm_source=commons.wikimedia.org&utm_campaign=imageinfo&utm_content=thumbnail,
matt-mclain,Matt McLain,Uncommon,"Second Baseman, Cincinnati Reds",2023 rookie star; 20/20 talent.,https://thumb.wikimedia.org/wikipedia/commons/thumb/0/02/MattMcLain.jpg/1280px-MattMcLain.jpg?utm_source=commons.wikimedia.org&utm_campaign=imageinfo&utm_content=thumbnail,
oneil-cruz,Oneil Cruz,Uncommon,"Center Field, Pittsburgh Pirates","6'7""; hardest-hit balls in MLB.",https://thumb.wikimedia.org/wikipedia/commons/thumb/3/36/Oneil_Cruz_at_bat_%2851509890653%29.jpg/1280px-Oneil_Cruz_at_bat_%2851509890653%29.jpg?utm_source=commons.wikimedia.org&utm_campaign=imageinfo&utm_content=thumbnail,
bryan-reynolds,Bryan Reynolds,Uncommon,"Right Field, Pittsburgh Pirates",2x All-Star; switch-hit star.,https://thumb.wikimedia.org/wikipedia/commons/thumb/c/c2/Bryan_Reynolds_%2839544501070%29.jpg/1280px-Bryan_Reynolds_%2839544501070%29.jpg?utm_source=commons.wikimedia.org&utm_campaign=imageinfo&utm_content=thumbnail,
will-smith,Will Smith,Uncommon,"Catcher, Los Angeles Dodgers",Elite-hitting catcher; 2x champion.,https://upload.wikimedia.org/wikipedia/commons/3/33/Will_Smith_%2851296534450%29_%28cropped%29.jpg?utm_source=commons.wikimedia.org&utm_campaign=imageinfo&utm_content=thumbnail_unscaled,
yoshinobu-yamamoto,Yoshinobu Yamamoto,Uncommon,"Starting Pitcher, Los Angeles Dodgers",$325M ace; 2024 WS hero.,https://thumb.wikimedia.org/wikipedia/commons/thumb/a/ac/Bs_Yoshinobu_Yamamoto_20190922.jpg/1280px-Bs_Yoshinobu_Yamamoto_20190922.jpg?utm_source=commons.wikimedia.org&utm_campaign=imageinfo&utm_content=thumbnail,
blake-snell,Blake Snell,Uncommon,"Starting Pitcher, Los Angeles Dodgers","2x Cy Young (2020, 2023).",https://thumb.wikimedia.org/wikipedia/commons/thumb/1/19/BlakeSnell.jpg/1280px-BlakeSnell.jpg?utm_source=commons.wikimedia.org&utm_campaign=imageinfo&utm_content=thumbnail,
gabriel-moreno,Gabriel Moreno,Uncommon,"Catcher, Arizona Diamondbacks",2026 NL batting champion.,https://thumb.wikimedia.org/wikipedia/commons/thumb/4/4f/Gabriel_Moreno_in_2022.jpg/1280px-Gabriel_Moreno_in_2022.jpg?utm_source=commons.wikimedia.org&utm_campaign=imageinfo&utm_content=thumbnail,
lourdes-gurriel-jr,Lourdes Gurriel Jr.,Uncommon,"Left Field, Arizona Diamondbacks",2023 All-Star; cannon arm.,https://thumb.wikimedia.org/wikipedia/commons/thumb/c/ce/Lourdes_Gurriel_Jr.jpg/1280px-Lourdes_Gurriel_Jr.jpg?utm_source=commons.wikimedia.org&utm_campaign=imageinfo&utm_content=thumbnail,
jackson-merrill,Jackson Merrill,Uncommon,"Center Field, San Diego Padres",2024 ROY runner-up; 2025 All-Star.,https://thumb.wikimedia.org/wikipedia/commons/thumb/e/e4/Jackson_Merrill_6.24.2024.jpg/1280px-Jackson_Merrill_6.24.2024.jpg?utm_source=commons.wikimedia.org&utm_campaign=imageinfo&utm_content=thumbnail,
mason-miller,Mason Miller,Uncommon,"Closer, San Diego Padres",103 mph; ex-Athletics fireman.,https://thumb.wikimedia.org/wikipedia/commons/thumb/2/21/Mason_Miller_Padres_8.22.2026.jpg/1280px-Mason_Miller_Padres_8.22.2026.jpg?utm_source=commons.wikimedia.org&utm_campaign=imageinfo&utm_content=thumbnail,
willy-adames,Willy Adames,Uncommon,"Shortstop, San Francisco Giants",$182M man; 30-HR power.,https://thumb.wikimedia.org/wikipedia/commons/thumb/6/61/Adames_1_61824.jpg/1280px-Adames_1_61824.jpg?utm_source=commons.wikimedia.org&utm_campaign=imageinfo&utm_content=thumbnail,
jung-hoo-lee,Jung Hoo Lee,Uncommon,"Center Field, San Francisco Giants",'Grandson of the Wind' from Korea.,https://thumb.wikimedia.org/wikipedia/commons/thumb/0/01/Kiwoom_Heroes_Lee_Jeong-Hoo_%282019%29.jpg/1280px-Kiwoom_Heroes_Lee_Jeong-Hoo_%282019%29.jpg?utm_source=commons.wikimedia.org&utm_campaign=imageinfo&utm_content=thumbnail,
ezequiel-tovar,Ezequiel Tovar,Uncommon,"Shortstop, Colorado Rockies",Gold Glove shortstop; 25/25 threat.,https://upload.wikimedia.org/wikipedia/commons/6/6d/Ezequiel_Tovar_%2853955849519%29_%28cropped%29.jpg?utm_source=commons.wikimedia.org&utm_campaign=imageinfo&utm_content=thumbnail_unscaled,
teoscar-hernandez,Teoscar Hernández,Uncommon,"Outfielder, Los Angeles Dodgers",2024 HR Derby champ.,https://upload.wikimedia.org/wikipedia/commons/8/80/Teoscar_Hern%C3%A1ndez_on_April_24%2C_2024_%281%29.jpg?utm_source=commons.wikimedia.org&utm_campaign=imageinfo&utm_content=thumbnail_unscaled,
anthony-volpe,Anthony Volpe,Uncommon,"Shortstop, New York Yankees",2023 Gold Glove as a rookie.,https://thumb.wikimedia.org/wikipedia/commons/thumb/6/6b/Anthony_Volpe.jpg/1280px-Anthony_Volpe.jpg?utm_source=commons.wikimedia.org&utm_campaign=imageinfo&utm_content=thumbnail,
jackson-chourio,Jackson Chourio,Uncommon,"Left Field, Milwaukee Brewers",20/20 at age 20 in 2024.,https://thumb.wikimedia.org/wikipedia/commons/thumb/c/c2/Jackson_Chourio.jpg/1280px-Jackson_Chourio.jpg?utm_source=commons.wikimedia.org&utm_campaign=imageinfo&utm_content=thumbnail,
warren-schaeffer,Warren Schaeffer,Common,"Manager, Colorado Rockies",Ex-interim; full-time since 2026.,https://thumb.wikimedia.org/wikipedia/commons/thumb/0/0b/Warren_Schaeffer_%2853955526726%29_%28cropped%29.jpg/1280px-Warren_Schaeffer_%2853955526726%29_%28cropped%29.jpg?utm_source=commons.wikimedia.org&utm_campaign=imageinfo&utm_content=thumbnail,
craig-stammen,Craig Stammen,Common,"Manager, San Diego Padres",Ex-reliever; rookie skipper.,https://upload.wikimedia.org/wikipedia/commons/8/87/2ND_Craig_Stammen.jpg?utm_source=commons.wikimedia.org&utm_campaign=imageinfo&utm_content=thumbnail_unscaled,
kurt-suzuki,Kurt Suzuki,Common,"Manager, Los Angeles Angels",Ex-catcher; first-time skipper.,https://thumb.wikimedia.org/wikipedia/commons/thumb/b/b0/Javier_B%C3%A1ez_and_Kurt_Suzuki_%2833999503898%29.jpg/1280px-Javier_B%C3%A1ez_and_Kurt_Suzuki_%2833999503898%29.jpg?utm_source=commons.wikimedia.org&utm_campaign=imageinfo&utm_content=thumbnail,
don-kelly,Don Kelly,Common,"Manager, Pittsburgh Pirates",Promoted from interim in 2025.,https://upload.wikimedia.org/wikipedia/commons/f/fc/Don_Kelly_2010.jpg?utm_source=commons.wikimedia.org&utm_campaign=imageinfo&utm_content=thumbnail_unscaled,
walt-weiss,Walt Weiss,Common,"Manager, Atlanta Braves",Ex-Rockies skipper; Braves' new voice.,https://thumb.wikimedia.org/wikipedia/commons/thumb/1/14/2015_-WinterMeetings-_Walt_Weiss_%2823244838249%29.jpg/1280px-2015_-WinterMeetings-_Walt_Weiss_%2823244838249%29.jpg?utm_source=commons.wikimedia.org&utm_campaign=imageinfo&utm_content=thumbnail,
tony-vitello,Tony Vitello,Common,"Manager, San Francisco Giants",Straight from Tennessee college ball.,https://upload.wikimedia.org/wikipedia/commons/e/e3/Tony_Vitello.jpg?utm_source=commons.wikimedia.org&utm_campaign=imageinfo&utm_content=thumbnail_unscaled,
skip-schumaker,Skip Schumaker,Common,"Manager, Texas Rangers",2023 NL Manager of the Year.,https://thumb.wikimedia.org/wikipedia/commons/thumb/9/95/Hunter_Renfroe_and_Skip_Schumaker_in_2018.jpg/1280px-Hunter_Renfroe_and_Skip_Schumaker_in_2018.jpg?utm_source=commons.wikimedia.org&utm_campaign=imageinfo&utm_content=thumbnail,
rate-field,Rate Field,Common,Home of the Chicago White Sox,Renamed from Guaranteed Rate in 2025.,https://thumb.wikimedia.org/wikipedia/commons/thumb/2/2f/Guanarteed_Rate_Field_3rd_base_stands.jpg/1280px-Guanarteed_Rate_Field_3rd_base_stands.jpg?utm_source=commons.wikimedia.org&utm_campaign=imageinfo&utm_content=thumbnail,
angel-stadium,Angel Stadium,Common,Home of the Los Angeles Angels,Open since 1966; 4th-oldest park.,https://thumb.wikimedia.org/wikipedia/commons/thumb/c/cd/Exterior_of_Angel_Stadium%2C_Anaheim%2C_2017.jpg/1280px-Exterior_of_Angel_Stadium%2C_Anaheim%2C_2017.jpg?utm_source=commons.wikimedia.org&utm_campaign=imageinfo&utm_content=thumbnail,
tropicana-field,Tropicana Field,Common,Home of the Tampa Bay Rays,Back home in 2026 after Hurricane Milton.,https://thumb.wikimedia.org/wikipedia/commons/thumb/7/70/TropicanaFieldEntrance.JPG/1280px-TropicanaFieldEntrance.JPG?utm_source=commons.wikimedia.org&utm_campaign=imageinfo&utm_content=thumbnail,
rogers-centre,Rogers Centre,Common,Home of the Toronto Blue Jays,Retractable roof; hotel in center field.,https://thumb.wikimedia.org/wikipedia/commons/thumb/6/66/Rogers_Centre%2C_Toronto%2C_Canada_-_Toronto_Blue_Jays_stadium.jpg/1280px-Rogers_Centre%2C_Toronto%2C_Canada_-_Toronto_Blue_Jays_stadium.jpg?utm_source=commons.wikimedia.org&utm_campaign=imageinfo&utm_content=thumbnail,
nationals-park,Nationals Park,Common,Home of the Washington Nationals,Opened 2008; 2019 champs' home.,https://thumb.wikimedia.org/wikipedia/commons/thumb/e/ea/Aerial_view_of_Nationals_Park.jpg/1280px-Aerial_view_of_Nationals_Park.jpg?utm_source=commons.wikimedia.org&utm_campaign=imageinfo&utm_content=thumbnail,
loandepot-park,loanDepot park,Common,Home of the Miami Marlins,Retractable roof in Little Havana.,https://thumb.wikimedia.org/wikipedia/commons/thumb/0/0d/%281%29_Downtown_Miami_from_LoanDepot_Park%2C_Miami%2C_Florida.jpg/1280px-%281%29_Downtown_Miami_from_LoanDepot_Park%2C_Miami%2C_Florida.jpg?utm_source=commons.wikimedia.org&utm_campaign=imageinfo&utm_content=thumbnail,
great-american-ball-park,Great American Ball Park,Common,Home of the Cincinnati Reds,Riverfront views; homer-friendly.,https://thumb.wikimedia.org/wikipedia/commons/thumb/6/62/Great_American_Ballpark_2007.jpg/1280px-Great_American_Ballpark_2007.jpg?utm_source=commons.wikimedia.org&utm_campaign=imageinfo&utm_content=thumbnail,
american-family-field,American Family Field,Common,Home of the Milwaukee Brewers,Tailgate haven; retractable roof.,https://thumb.wikimedia.org/wikipedia/commons/thumb/8/83/American_Family_Field_%28October_2023%29_01.jpg/1280px-American_Family_Field_%28October_2023%29_01.jpg?utm_source=commons.wikimedia.org&utm_campaign=imageinfo&utm_content=thumbnail,
james-rowson,James Rowson,Common,"Hitting Coach, New York Yankees",Back for 2026 after Twins interview.,https://thumb.wikimedia.org/wikipedia/commons/thumb/9/9f/James_Rowson_%28cropped%29.jpg/1280px-James_Rowson_%28cropped%29.jpg?utm_source=commons.wikimedia.org&utm_campaign=imageinfo&utm_content=thumbnail,
luis-rojas,Luis Rojas,Common,"Third Base Coach, New York Yankees",Ex-Mets manager; Yankees 3B coach.,https://upload.wikimedia.org/wikipedia/commons/a/a2/Luis_Rojas_interview_screenshot_%28cropped%29.png?utm_source=commons.wikimedia.org&utm_campaign=imageinfo&utm_content=thumbnail_unscaled,
dave-bush,Dave Bush,Common,"Pitching Coach, Texas Rangers",Ex-Brewer hurler turned coach.,https://upload.wikimedia.org/wikipedia/commons/4/4e/Dave_Bush_%2827941865723%29_%28cropped%29.jpg?utm_source=commons.wikimedia.org&utm_campaign=imageinfo&utm_content=thumbnail_unscaled,
edgar-martinez,Edgar Martinez,Common,"Coach, Seattle Mariners",Hall of Famer mentoring Mariner hitters.,https://upload.wikimedia.org/wikipedia/commons/2/26/Dedication_of_Edgar_Martinez_Drive%2C_2005_%2851501029245%29.jpg?utm_source=commons.wikimedia.org&utm_campaign=imageinfo&utm_content=thumbnail_unscaled,
austin-wells,Austin Wells,Common,"Catcher, New York Yankees",2024 ROY runner-up; lefty bat.,https://thumb.wikimedia.org/wikipedia/commons/thumb/3/3a/Austin_Wells_%2853179300583%29.jpg/1280px-Austin_Wells_%2853179300583%29.jpg?utm_source=commons.wikimedia.org&utm_campaign=imageinfo&utm_content=thumbnail,
jasson-dominguez,Jasson Domínguez,Common,"Outfielder, New York Yankees",'The Martian'; top prospect.,https://upload.wikimedia.org/wikipedia/commons/a/a1/Jasson_Dominguez_%285Hdrkc_3Nxg%29.png?utm_source=commons.wikimedia.org&utm_campaign=imageinfo&utm_content=thumbnail_unscaled,
ryan-weathers,Ryan Weathers,Common,"Starting Pitcher, New York Yankees",Ex-Marlin; rotation depth.,https://thumb.wikimedia.org/wikipedia/commons/thumb/0/01/Ryan_Weathers_2022.jpg/1280px-Ryan_Weathers_2022.jpg?utm_source=commons.wikimedia.org&utm_campaign=imageinfo&utm_content=thumbnail,
will-warren,Will Warren,Common,"Starting Pitcher, New York Yankees",2026 rotation regular.,https://upload.wikimedia.org/wikipedia/commons/6/64/Will_Warren_%285oaYuiNTofQ%29.png?utm_source=commons.wikimedia.org&utm_campaign=imageinfo&utm_content=thumbnail_unscaled,
trevor-story,Trevor Story,Common,"Shortstop, Boston Red Sox",Ex-Rockie; Boston's shortstop.,https://thumb.wikimedia.org/wikipedia/commons/thumb/e/ed/Trevor_Story_%2840937628353%29.jpg/1280px-Trevor_Story_%2840937628353%29.jpg?utm_source=commons.wikimedia.org&utm_campaign=imageinfo&utm_content=thumbnail,
willson-contreras,Willson Contreras,Common,"Catcher, Boston Red Sox",3x All-Star; traded from St. Louis.,https://thumb.wikimedia.org/wikipedia/commons/thumb/6/67/2016-10-18_Willson_Contreras_before_Game_3_of_the_2016_NLCS.jpg/1280px-2016-10-18_Willson_Contreras_before_Game_3_of_the_2016_NLCS.jpg?utm_source=commons.wikimedia.org&utm_campaign=imageinfo&utm_content=thumbnail,
ceddanne-rafaela,Ceddanne Rafaela,Common,"Outfielder, Boston Red Sox",Gold Glove defender; speed.,https://upload.wikimedia.org/wikipedia/commons/2/2b/Ceddanne_Rafaela_%28LHWWCzjI6uM%29.png?utm_source=commons.wikimedia.org&utm_campaign=imageinfo&utm_content=thumbnail_unscaled,
aroldis-chapman,Aroldis Chapman,Common,"Closer, Boston Red Sox",Still touching 100 at 38.,https://thumb.wikimedia.org/wikipedia/commons/thumb/a/ae/AROLDIS_CHAPMAN.jpg/1280px-AROLDIS_CHAPMAN.jpg?utm_source=commons.wikimedia.org&utm_campaign=imageinfo&utm_content=thumbnail,
payton-tolle,Payton Tolle,Common,"Starting Pitcher, Boston Red Sox",Top prospect; 2026 debut.,https://www.baseball-reference.com/req/2025011210/images/headshots/7/717e8c9d_mlbam.jpg,
triston-casas,Triston Casas,Common,"First Baseman, Boston Red Sox",2023 ROY runner-up; big lefty bat.,https://thumb.wikimedia.org/wikipedia/commons/thumb/e/e2/Casas_Triston_%282%29.jpg/1280px-Casas_Triston_%282%29.jpg?utm_source=commons.wikimedia.org&utm_campaign=imageinfo&utm_content=thumbnail,
roman-anthony,Roman Anthony,Common,"Outfielder, Boston Red Sox",Top prospect; 2025 debut.,https://upload.wikimedia.org/wikipedia/commons/1/13/Roman_Anthony_2026.jpg?utm_source=commons.wikimedia.org&utm_campaign=imageinfo&utm_content=thumbnail_unscaled,
brayan-bello,Brayan Bello,Common,"Starting Pitcher, Boston Red Sox",Changeup artist from the DR.,https://thumb.wikimedia.org/wikipedia/commons/thumb/e/eb/Attach0_20220706_191327_Brayan_Bello_First_Pitch.jpg/1280px-Attach0_20220706_191327_Brayan_Bello_First_Pitch.jpg?utm_source=commons.wikimedia.org&utm_campaign=imageinfo&utm_content=thumbnail,
yandy-diaz,Yandy Díaz,Common,"First Baseman, Tampa Bay Rays",2023 batting champ.,https://upload.wikimedia.org/wikipedia/commons/e/e6/Yandy_D%C3%ADaz_%2851308556840%29_%28cropped%29.jpg?utm_source=commons.wikimedia.org&utm_campaign=imageinfo&utm_content=thumbnail_unscaled,
brandon-lowe,Brandon Lowe,Common,"Second Baseman, Tampa Bay Rays",2021 All-Star; 30-HR power.,https://thumb.wikimedia.org/wikipedia/commons/thumb/6/62/BrandonLowe2025.jpg/1280px-BrandonLowe2025.jpg?utm_source=commons.wikimedia.org&utm_campaign=imageinfo&utm_content=thumbnail,
drew-rasmussen,Drew Rasmussen,Common,"Starting Pitcher, Tampa Bay Rays",Sub-3.00 ERA machine.,https://thumb.wikimedia.org/wikipedia/commons/thumb/9/97/DrewRasmussen2026.jpg/1280px-DrewRasmussen2026.jpg?utm_source=commons.wikimedia.org&utm_campaign=imageinfo&utm_content=thumbnail,
nolan-arenado,Nolan Arenado,Common,"Third Baseman, Arizona Diamondbacks",8x All-Star; 30 HR in 2026 Arizona revival.,https://thumb.wikimedia.org/wikipedia/commons/thumb/d/d7/Arenado_Cards_Brewers_Sept_21_2025.png/1280px-Arenado_Cards_Brewers_Sept_21_2025.png?utm_source=commons.wikimedia.org&utm_campaign=imageinfo&utm_content=thumbnail,
chandler-simpson,Chandler Simpson,Common,"Outfielder, Tampa Bay Rays",80-grade speed; 100+ steals threat.,https://upload.wikimedia.org/wikipedia/commons/0/08/ChandlerSimpson2026.jpg?utm_source=commons.wikimedia.org&utm_campaign=imageinfo&utm_content=thumbnail_unscaled,
jose-berrios,José Berríos,Common,"Starting Pitcher, Toronto Blue Jays",2x All-Star; 'La Makina'.,https://thumb.wikimedia.org/wikipedia/commons/thumb/1/1d/Jose_Berrios_%2832618974737%29.jpg/1280px-Jose_Berrios_%2832618974737%29.jpg?utm_source=commons.wikimedia.org&utm_campaign=imageinfo&utm_content=thumbnail,
alejandro-kirk,Alejandro Kirk,Common,"Catcher, Toronto Blue Jays",2022 All-Star; elite contact.,https://thumb.wikimedia.org/wikipedia/commons/thumb/c/c1/Alejandro_Kirk_Batting_%2851289909037%29.jpg/1280px-Alejandro_Kirk_Batting_%2851289909037%29.jpg?utm_source=commons.wikimedia.org&utm_campaign=imageinfo&utm_content=thumbnail,
kazuma-okamoto,Kazuma Okamoto,Common,"Third Baseman, Toronto Blue Jays",Japanese star; 2026 import.,https://thumb.wikimedia.org/wikipedia/commons/thumb/3/33/Kazuma_Okamoto_201904a.jpg/1280px-Kazuma_Okamoto_201904a.jpg?utm_source=commons.wikimedia.org&utm_campaign=imageinfo&utm_content=thumbnail,
jose-soriano,Jose Soriano,Common,"Starting Pitcher, Toronto Blue Jays",100 mph; ex-Angel.,https://thumb.wikimedia.org/wikipedia/commons/thumb/b/bf/DET_at_LAA_2025_-_Soriano_%284%29_%28cropped%29.jpg/1280px-DET_at_LAA_2025_-_Soriano_%284%29_%28cropped%29.jpg?utm_source=commons.wikimedia.org&utm_campaign=imageinfo&utm_content=thumbnail,
jeff-hoffman,Jeff Hoffman,Common,"Closer, Toronto Blue Jays",2024 All-Star; ex-Phillie.,https://thumb.wikimedia.org/wikipedia/commons/thumb/b/b0/Jeff_Hoffman_%2842804877071%29_%28cropped%29.jpg/1280px-Jeff_Hoffman_%2842804877071%29_%28cropped%29.jpg?utm_source=commons.wikimedia.org&utm_campaign=imageinfo&utm_content=thumbnail,
grayson-rodriguez,Grayson Rodriguez,Common,"Starting Pitcher, Baltimore Orioles",2024 breakout; 100 mph.,https://thumb.wikimedia.org/wikipedia/commons/thumb/1/1c/Grayson_Rodriguez_%2851328032880%29.jpg/1280px-Grayson_Rodriguez_%2851328032880%29.jpg?utm_source=commons.wikimedia.org&utm_campaign=imageinfo&utm_content=thumbnail,
colton-cowser,Colton Cowser,Common,"Outfielder, Baltimore Orioles",2024 ROY runner-up.,https://thumb.wikimedia.org/wikipedia/commons/thumb/5/53/Colton_Cowser.jpg/1280px-Colton_Cowser.jpg?utm_source=commons.wikimedia.org&utm_campaign=imageinfo&utm_content=thumbnail,
jordan-westburg,Jordan Westburg,Common,"Third Baseman, Baltimore Orioles",2024 All-Star.,https://thumb.wikimedia.org/wikipedia/commons/thumb/6/69/JordanWestburg.jpg/1280px-JordanWestburg.jpg?utm_source=commons.wikimedia.org&utm_campaign=imageinfo&utm_content=thumbnail,
shane-baz,Shane Baz,Common,"Starting Pitcher, Baltimore Orioles",Ex-Ray; 100 mph arm.,https://www.baseball-reference.com/req/2025011210/images/headshots/4/4097bcd5_mlbam.jpg,
samuel-basallo,Samuel Basallo,Common,"Catcher, Baltimore Orioles",Top prospect; 2025 debut.,https://upload.wikimedia.org/wikipedia/commons/0/05/Samuel_Basallo_%28_lcmFNwX3-k%29.png?utm_source=commons.wikimedia.org&utm_campaign=imageinfo&utm_content=thumbnail_unscaled,
gavin-williams,Gavin Williams,Common,"Starting Pitcher, Cleveland Guardians",2025 breakout; 200-K stuff.,https://upload.wikimedia.org/wikipedia/commons/0/02/Gavin_Williams.jpg?utm_source=commons.wikimedia.org&utm_campaign=imageinfo&utm_content=thumbnail_unscaled,
chase-delauter,Chase DeLauter,Common,"Outfielder, Cleveland Guardians",Top prospect; 2026 debut.,https://thumb.wikimedia.org/wikipedia/commons/thumb/e/e0/Chase_DeLauter_%2855241393532%29.jpg/1280px-Chase_DeLauter_%2855241393532%29.jpg?utm_source=commons.wikimedia.org&utm_campaign=imageinfo&utm_content=thumbnail,
kyle-manzardo,Kyle Manzardo,Common,"First Baseman, Cleveland Guardians",2024 ALCS hero.,https://thumb.wikimedia.org/wikipedia/commons/thumb/8/82/4168_Royals_Cleveland_July_2025_Kyle_Manzardo_NR.png/1280px-4168_Royals_Cleveland_July_2025_Kyle_Manzardo_NR.png?utm_source=commons.wikimedia.org&utm_campaign=imageinfo&utm_content=thumbnail,
brayan-rocchio,Brayan Rocchio,Common,"Shortstop, Cleveland Guardians",Slick-fielding shortstop.,https://thumb.wikimedia.org/wikipedia/commons/thumb/f/f5/Brayan_Rocchio_%2855241406877%29.jpg/1280px-Brayan_Rocchio_%2855241406877%29.jpg?utm_source=commons.wikimedia.org&utm_campaign=imageinfo&utm_content=thumbnail,
cade-smith,Cade Smith,Common,"Reliever, Cleveland Guardians",Elite setup man; 100 mph.,https://thumb.wikimedia.org/wikipedia/commons/thumb/2/22/Cade_Smith_%2853479421751%29.jpg/1280px-Cade_Smith_%2853479421751%29.jpg?utm_source=commons.wikimedia.org&utm_campaign=imageinfo&utm_content=thumbnail,
spencer-torkelson,Spencer Torkelson,Common,"First Baseman, Detroit Tigers",Ex-No. 1 pick; 30-HR power.,https://thumb.wikimedia.org/wikipedia/commons/thumb/4/41/Spencer_Torkelson.jpg/1280px-Spencer_Torkelson.jpg?utm_source=commons.wikimedia.org&utm_campaign=imageinfo&utm_content=thumbnail,
colt-keith,Colt Keith,Common,"Second Baseman, Detroit Tigers",2024 rookie; $28M extension.,https://thumb.wikimedia.org/wikipedia/commons/thumb/4/44/Colt_Keith%2C_May_13%2C_2026_%28001%29.jpg/1280px-Colt_Keith%2C_May_13%2C_2026_%28001%29.jpg?utm_source=commons.wikimedia.org&utm_campaign=imageinfo&utm_content=thumbnail,
reese-olson,Reese Olson,Common,"Starting Pitcher, Detroit Tigers",Mid-rotation strike-thrower.,https://thumb.wikimedia.org/wikipedia/commons/thumb/0/0d/Reese_Olson_%2852913682055%29.jpg/1280px-Reese_Olson_%2852913682055%29.jpg?utm_source=commons.wikimedia.org&utm_campaign=imageinfo&utm_content=thumbnail,
gleyber-torres,Gleyber Torres,Common,"Second Baseman, Detroit Tigers",2x All-Star; ex-Yankee.,https://upload.wikimedia.org/wikipedia/commons/4/4c/Gleyber_Torres.jpg?utm_source=commons.wikimedia.org&utm_campaign=imageinfo&utm_content=thumbnail_unscaled,
maikel-garcia,Maikel Garcia,Common,"Third Baseman, Kansas City Royals",30-steal speed; 2024 All-Star.,https://upload.wikimedia.org/wikipedia/commons/7/78/Maikel_Garcia2023Kc.jpg?utm_source=commons.wikimedia.org&utm_campaign=imageinfo&utm_content=thumbnail_unscaled,
seth-lugo,Seth Lugo,Common,"Starting Pitcher, Kansas City Royals",2024 All-Star; career revival.,https://thumb.wikimedia.org/wikipedia/commons/thumb/9/99/Dan_Warthen%2C_Steven_Matz_and_Seth_Lugo_on_July_16%2C_2016.jpg/1280px-Dan_Warthen%2C_Steven_Matz_and_Seth_Lugo_on_July_16%2C_2016.jpg?utm_source=commons.wikimedia.org&utm_campaign=imageinfo&utm_content=thumbnail,
noah-cameron,Noah Cameron,Common,"Starting Pitcher, Kansas City Royals",2025 rookie standout.,https://thumb.wikimedia.org/wikipedia/commons/thumb/f/f6/Noah_Cameron_%2854425936242%29.jpg/1280px-Noah_Cameron_%2854425936242%29.jpg?utm_source=commons.wikimedia.org&utm_campaign=imageinfo&utm_content=thumbnail,
lucas-erceg,Lucas Erceg,Common,"Reliever, Kansas City Royals",2024 champ with LA; setup ace.,https://thumb.wikimedia.org/wikipedia/commons/thumb/6/62/Lucas_Erceg_%2855503421853%29.jpg/1280px-Lucas_Erceg_%2855503421853%29.jpg?utm_source=commons.wikimedia.org&utm_campaign=imageinfo&utm_content=thumbnail,
royce-lewis,Royce Lewis,Common,"Third Baseman, Minnesota Twins",Grand slam machine when healthy.,https://thumb.wikimedia.org/wikipedia/commons/thumb/2/2f/Royce_Lewis_%2852092688665%29.jpg/1280px-Royce_Lewis_%2852092688665%29.jpg?utm_source=commons.wikimedia.org&utm_campaign=imageinfo&utm_content=thumbnail,
bailey-ober,Bailey Ober,Common,"Starting Pitcher, Minnesota Twins","6'9""; 200-K potential.",https://thumb.wikimedia.org/wikipedia/commons/thumb/3/36/Bailey_Ober_%2851166550801%29.jpg/1280px-Bailey_Ober_%2851166550801%29.jpg?utm_source=commons.wikimedia.org&utm_campaign=imageinfo&utm_content=thumbnail,
pablo-lopez,Pablo López,Common,"Starting Pitcher, Minnesota Twins",2023 All-Star; ex-Marlin.,https://thumb.wikimedia.org/wikipedia/commons/thumb/1/15/Pablo_Lopez_%2847982885011%29_%28cropped%29.jpg/1280px-Pablo_Lopez_%2847982885011%29_%28cropped%29.jpg?utm_source=commons.wikimedia.org&utm_campaign=imageinfo&utm_content=thumbnail,
matt-wallner,Matt Wallner,Common,"Outfielder, Minnesota Twins",Huge raw power; 30-HR pop.,https://thumb.wikimedia.org/wikipedia/commons/thumb/6/6e/2025_Twins-Cardinals_Mar_29_Matt_Wallner_2.png/1280px-2025_Twins-Cardinals_Mar_29_Matt_Wallner_2.png?utm_source=commons.wikimedia.org&utm_campaign=imageinfo&utm_content=thumbnail,
brooks-lee,Brooks Lee,Common,"Shortstop, Minnesota Twins",2024 debut; baseball bloodlines.,https://thumb.wikimedia.org/wikipedia/commons/thumb/e/e4/Brooks_Lee_Twins_2022.jpg/1280px-Brooks_Lee_Twins_2022.jpg?utm_source=commons.wikimedia.org&utm_campaign=imageinfo&utm_content=thumbnail,
zebby-matthews,Zebby Matthews,Common,"Starting Pitcher, Minnesota Twins",2025 rookie; strike-thrower.,https://www.baseball-reference.com/req/2025011210/images/headshots/2/24b6bbe3_mlbam.jpg,
colson-montgomery,Colson Montgomery,Common,"Shortstop, Chicago White Sox","6'5""; 2025 debut.",https://www.baseball-reference.com/req/2025011210/images/headshots/b/b303bcd1_mlbam.jpg,
kyle-teel,Kyle Teel,Common,"Catcher, Chicago White Sox",Crochet-trade prize; 2025 debut.,https://upload.wikimedia.org/wikipedia/commons/5/53/Kyle_Teel_1.jpg?utm_source=commons.wikimedia.org&utm_campaign=imageinfo&utm_content=thumbnail_unscaled,
miguel-vargas,Miguel Vargas,Common,"Third Baseman, Chicago White Sox",Ex-Dodger; fresh start.,https://thumb.wikimedia.org/wikipedia/commons/thumb/c/cf/MiguelVargas.png/1280px-MiguelVargas.png?utm_source=commons.wikimedia.org&utm_campaign=imageinfo&utm_content=thumbnail,
shane-smith,Shane Smith,Common,"Starting Pitcher, Chicago White Sox",Rule 5 find; rotation arm.,https://www.baseball-reference.com/req/2025011210/images/headshots/7/7671e803_mlbam.jpg,
lenyn-sosa,Lenyn Sosa,Common,"Second Baseman, Chicago White Sox",Everyday infielder; 2025 breakout.,https://upload.wikimedia.org/wikipedia/commons/8/8f/Lenyn_Sosa_%28Sk0F7kqsgvc%29.png?utm_source=commons.wikimedia.org&utm_campaign=imageinfo&utm_content=thumbnail_unscaled,
isaac-paredes,Isaac Paredes,Common,"Third Baseman, Houston Astros",Tucker-trade prize; pull power.,https://www.baseball-reference.com/req/2025011210/images/headshots/c/c06ec0de_mlbam.jpg,
yainer-diaz,Yainer Diaz,Common,"Catcher, Houston Astros",30-HR power from behind the plate.,https://thumb.wikimedia.org/wikipedia/commons/thumb/c/cf/Yainer_Diaz.jpg/1280px-Yainer_Diaz.jpg?utm_source=commons.wikimedia.org&utm_campaign=imageinfo&utm_content=thumbnail,
daulton-varsho,Daulton Varsho,Common,"Outfielder, Houston Astros",Gold Glove defender; ex-Blue Jay.,https://upload.wikimedia.org/wikipedia/commons/1/19/Daulton_Varsho_on_July_9%2C_2024_%281%29.jpg?utm_source=commons.wikimedia.org&utm_campaign=imageinfo&utm_content=thumbnail_unscaled,
cam-smith,Cam Smith,Common,"Outfielder, Houston Astros",Top prospect; 2025 debut.,https://thumb.wikimedia.org/wikipedia/commons/thumb/c/cd/Cam_Smith_%28baseball%29.jpg/1280px-Cam_Smith_%28baseball%29.jpg?utm_source=commons.wikimedia.org&utm_campaign=imageinfo&utm_content=thumbnail,
josh-jung,Josh Jung,Common,"Third Baseman, Texas Rangers",2023 All-Star; 2023 champ.,https://upload.wikimedia.org/wikipedia/commons/6/6c/Josh_Jung_%2853626726723%29_%28cropped%29.jpg?utm_source=commons.wikimedia.org&utm_campaign=imageinfo&utm_content=thumbnail_unscaled,
evan-carter,Evan Carter,Common,"Outfielder, Texas Rangers",2023 playoff breakout star.,https://upload.wikimedia.org/wikipedia/commons/8/80/Evan_Carter_%2853626731523%29_%28cropped%29.jpg?utm_source=commons.wikimedia.org&utm_campaign=imageinfo&utm_content=thumbnail_unscaled,
kumar-rocker,Kumar Rocker,Common,"Starting Pitcher, Texas Rangers",2022 No. 3 pick; 100 mph.,https://upload.wikimedia.org/wikipedia/commons/4/42/Kumar_Rocker.jpg?utm_source=commons.wikimedia.org&utm_campaign=imageinfo&utm_content=thumbnail_unscaled,
jack-leiter,Jack Leiter,Common,"Starting Pitcher, Texas Rangers",No. 2 pick; Vanderbilt ace.,https://thumb.wikimedia.org/wikipedia/commons/thumb/d/da/Jack_Leiter_at_winter_caravan_%282025%29.jpg/1280px-Jack_Leiter_at_winter_caravan_%282025%29.jpg?utm_source=commons.wikimedia.org&utm_campaign=imageinfo&utm_content=thumbnail,
george-kirby,George Kirby,Common,"Starting Pitcher, Seattle Mariners",2023 All-Star; pinpoint control.,https://www.baseball-reference.com/req/2025011210/images/headshots/4/49f01724_mlbam.jpg,
randy-arozarena,Randy Arozarena,Common,"Outfielder, Seattle Mariners",2023 HR Derby champ.,https://upload.wikimedia.org/wikipedia/commons/8/81/Randy_Arozarena_%2853626861999%29_%28cropped%29.jpg?utm_source=commons.wikimedia.org&utm_campaign=imageinfo&utm_content=thumbnail_unscaled,
jorge-polanco,Jorge Polanco,Common,"Second Baseman, Seattle Mariners",2019 All-Star; ex-Twin.,https://thumb.wikimedia.org/wikipedia/commons/thumb/4/49/Jorge_Polanco_%2834448794360%29.jpg/1280px-Jorge_Polanco_%2834448794360%29.jpg?utm_source=commons.wikimedia.org&utm_campaign=imageinfo&utm_content=thumbnail,
brendan-donovan,Brendan Donovan,Common,"Utility, Seattle Mariners",2022 All-Star; ex-Cardinal.,https://thumb.wikimedia.org/wikipedia/commons/thumb/4/44/Brendan_Donovan_%2842024597970%29.jpg/1280px-Brendan_Donovan_%2842024597970%29.jpg?utm_source=commons.wikimedia.org&utm_campaign=imageinfo&utm_content=thumbnail,
kade-anderson,Kade Anderson,Common,"Starting Pitcher, Seattle Mariners",2025 No. 3 pick; 2026 debut.,https://thumb.wikimedia.org/wikipedia/commons/thumb/8/8c/Anderson-Kade-Futures-Game-2026.png/1280px-Anderson-Kade-Futures-Game-2026.png?utm_source=commons.wikimedia.org&utm_campaign=imageinfo&utm_content=thumbnail,
j-p-crawford,J.P. Crawford,Common,"Shortstop, Seattle Mariners",2023 Silver Slugger.,https://thumb.wikimedia.org/wikipedia/commons/thumb/6/6b/J.P._Crawford.jpg/1280px-J.P._Crawford.jpg?utm_source=commons.wikimedia.org&utm_campaign=imageinfo&utm_content=thumbnail,
bryan-woo,Bryan Woo,Common,"Starting Pitcher, Seattle Mariners",2025 breakout arm.,https://www.baseball-reference.com/req/2025011210/images/headshots/2/2aaa9958_mlbam.jpg,
nolan-schanuel,Nolan Schanuel,Common,"First Baseman, Los Angeles Angels",2023 No. 11 pick; on-base skills.,https://thumb.wikimedia.org/wikipedia/commons/thumb/1/11/Nolan_Schanuel_at_first_base%2C_July_23%2C_2025_%281%29.jpg/1280px-Nolan_Schanuel_at_first_base%2C_July_23%2C_2025_%281%29.jpg?utm_source=commons.wikimedia.org&utm_campaign=imageinfo&utm_content=thumbnail,
reid-detmers,Reid Detmers,Common,"Starting Pitcher, Los Angeles Angels",2022 no-hitter; still wild.,https://thumb.wikimedia.org/wikipedia/commons/thumb/d/d0/Reid_Detmers_%2852250839602%29.jpg/1280px-Reid_Detmers_%2852250839602%29.jpg?utm_source=commons.wikimedia.org&utm_campaign=imageinfo&utm_content=thumbnail,
taylor-ward,Taylor Ward,Common,"Outfielder, Los Angeles Angels",Late bloomer; 25-HR power.,https://thumb.wikimedia.org/wikipedia/commons/thumb/5/5e/Taylor_Ward_%2830004300128%29.jpg/1280px-Taylor_Ward_%2830004300128%29.jpg?utm_source=commons.wikimedia.org&utm_campaign=imageinfo&utm_content=thumbnail,
yusei-kikuchi,Yusei Kikuchi,Common,"Starting Pitcher, Los Angeles Angels",2021 All-Star; ex-Blue Jay.,https://upload.wikimedia.org/wikipedia/commons/b/bc/Yusei_Kikuchi_and_Shohei_Ohtani_on_June_8%2C_2019.jpg?utm_source=commons.wikimedia.org&utm_campaign=imageinfo&utm_content=thumbnail_unscaled,
jacob-wilson,Jacob Wilson,Common,"Shortstop, Athletics",2024 debut; hit-tool wizard.,https://www.baseball-reference.com/req/2025011210/images/headshots/b/bb593c8b_mlbam.jpg,
tyler-soderstrom,Tyler Soderstrom,Common,"First Baseman, Athletics",Big lefty power in Sacramento.,https://thumb.wikimedia.org/wikipedia/commons/thumb/5/54/Tyler_Soderstrom.jpg/1280px-Tyler_Soderstrom.jpg?utm_source=commons.wikimedia.org&utm_campaign=imageinfo&utm_content=thumbnail,
shea-langeliers,Shea Langeliers,Common,"Catcher, Athletics",Power-hitting backstop.,https://upload.wikimedia.org/wikipedia/commons/5/52/Shea_Langeliers_Texas_Rangers_at_Oakland_Athletics_-_May_12%2C_2023_%2852910726845%29_%28cropped%29.jpg?utm_source=commons.wikimedia.org&utm_campaign=imageinfo&utm_content=thumbnail_unscaled,
luis-severino,Luis Severino,Common,"Starting Pitcher, Athletics",2x All-Star; ex-Yankee ace.,https://thumb.wikimedia.org/wikipedia/commons/thumb/3/3a/Luis_Severino_%2814976002415%29.jpg/1280px-Luis_Severino_%2814976002415%29.jpg?utm_source=commons.wikimedia.org&utm_campaign=imageinfo&utm_content=thumbnail,
cristopher-sanchez,Cristopher Sánchez,Common,"Starting Pitcher, Philadelphia Phillies",2024 All-Star; breakout lefty.,https://thumb.wikimedia.org/wikipedia/commons/thumb/8/8e/Cristopher_Sanchez_9_13_2023.jpg/1280px-Cristopher_Sanchez_9_13_2023.jpg?utm_source=commons.wikimedia.org&utm_campaign=imageinfo&utm_content=thumbnail,
jesus-luzardo,Jesús Luzardo,Common,"Starting Pitcher, Philadelphia Phillies",Ex-Marlin; 200-K stuff.,https://thumb.wikimedia.org/wikipedia/commons/thumb/9/95/Jesus_Luzardo.jpg/1280px-Jesus_Luzardo.jpg?utm_source=commons.wikimedia.org&utm_campaign=imageinfo&utm_content=thumbnail,
luis-arraez,Luis Arraez,Common,"Second Baseman, Philadelphia Phillies",3x batting champ (2022-24).,https://thumb.wikimedia.org/wikipedia/commons/thumb/6/66/Luis_Arraez_%2826710244002%29.jpg/1280px-Luis_Arraez_%2826710244002%29.jpg?utm_source=commons.wikimedia.org&utm_campaign=imageinfo&utm_content=thumbnail,
andrew-painter,Andrew Painter,Common,"Starting Pitcher, Philadelphia Phillies",Top pitching prospect; 2026 debut.,https://thumb.wikimedia.org/wikipedia/commons/thumb/7/73/Andrew_Painter_2022.jpg/1280px-Andrew_Painter_2022.jpg?utm_source=commons.wikimedia.org&utm_campaign=imageinfo&utm_content=thumbnail,
bryson-stott,Bryson Stott,Common,"Second Baseman, Philadelphia Phillies",Clutch defender; 30-steal speed.,https://thumb.wikimedia.org/wikipedia/commons/thumb/f/ff/BrysonStottJuly292024.jpg/1280px-BrysonStottJuly292024.jpg?utm_source=commons.wikimedia.org&utm_campaign=imageinfo&utm_content=thumbnail,
alec-bohm,Alec Bohm,Common,"Third Baseman, Philadelphia Phillies",2024 All-Star.,https://thumb.wikimedia.org/wikipedia/commons/thumb/c/c3/AlecBohmThreshers.jpg/1280px-AlecBohmThreshers.jpg?utm_source=commons.wikimedia.org&utm_campaign=imageinfo&utm_content=thumbnail,
brandon-marsh,Brandon Marsh,Common,"Outfielder, Philadelphia Phillies",Gold Glove defender; fan favorite.,https://upload.wikimedia.org/wikipedia/commons/2/25/Brandon_Marsh%2C_Toronto_Blue_Jays_11%2C_Philadelphia_Phillies_%28Split_Squad%29_7%2C_TD_Ballpark%2C_Dunedin%2C_Florida_%2854400604007%29_%28cropped%29.jpg?utm_source=commons.wikimedia.org&utm_campaign=imageinfo&utm_content=thumbnail_unscaled,
aaron-nola,Aaron Nola,Common,"Starting Pitcher, Philadelphia Phillies",$172M ace; 200-K workhorse.,https://thumb.wikimedia.org/wikipedia/commons/thumb/b/b3/Aaron_Nola_%2847690831282%29.jpg/1280px-Aaron_Nola_%2847690831282%29.jpg?utm_source=commons.wikimedia.org&utm_campaign=imageinfo&utm_content=thumbnail,
francisco-alvarez,Francisco Alvarez,Common,"Catcher, New York Mets",2023 rookie; 25-HR power.,https://thumb.wikimedia.org/wikipedia/commons/thumb/0/01/Francisco_%C3%81lvarez_during_warmups%2C_March_15%2C_2024_%282%29_%28cropped%29.jpg/1280px-Francisco_%C3%81lvarez_during_warmups%2C_March_15%2C_2024_%282%29_%28cropped%29.jpg?utm_source=commons.wikimedia.org&utm_campaign=imageinfo&utm_content=thumbnail,
sean-manaea,Sean Manaea,Common,"Starting Pitcher, New York Mets",2024 breakout; funky delivery.,https://thumb.wikimedia.org/wikipedia/commons/thumb/f/f5/New_York_Mets_Starting_Pitcher_Sean_Manaea_%2853853613110%29.jpg/1280px-New_York_Mets_Starting_Pitcher_Sean_Manaea_%2853853613110%29.jpg?utm_source=commons.wikimedia.org&utm_campaign=imageinfo&utm_content=thumbnail,
jeff-mcneil,Jeff McNeil,Common,"Utility, New York Mets",2022 batting champ.,https://thumb.wikimedia.org/wikipedia/commons/thumb/9/93/Brian_Dozier_and_Jeff_McNeil_%2847443619182%29.jpg/1280px-Brian_Dozier_and_Jeff_McNeil_%2847443619182%29.jpg?utm_source=commons.wikimedia.org&utm_campaign=imageinfo&utm_content=thumbnail,
mark-vientos,Mark Vientos,Common,"Third Baseman, New York Mets",27 HR in 2024; power bat.,https://thumb.wikimedia.org/wikipedia/commons/thumb/a/aa/Mark_Vientos%2C_September_4%2C_2024_-_001_%28cropped%29.jpg/1280px-Mark_Vientos%2C_September_4%2C_2024_-_001_%28cropped%29.jpg?utm_source=commons.wikimedia.org&utm_campaign=imageinfo&utm_content=thumbnail,
david-peterson,David Peterson,Common,"Starting Pitcher, New York Mets",2024 breakout lefty.,https://thumb.wikimedia.org/wikipedia/commons/thumb/d/de/David_Peterson_pitching%2C_March_31%2C_2023_%281%29_%28cropped%29.jpg/1280px-David_Peterson_pitching%2C_March_31%2C_2023_%281%29_%28cropped%29.jpg?utm_source=commons.wikimedia.org&utm_campaign=imageinfo&utm_content=thumbnail,
clay-holmes,Clay Holmes,Common,"Starting Pitcher, New York Mets",Ex-Yankee closer turned starter.,https://thumb.wikimedia.org/wikipedia/commons/thumb/a/a8/Clay_Holmes_%2827664564401%29.jpg/1280px-Clay_Holmes_%2827664564401%29.jpg?utm_source=commons.wikimedia.org&utm_campaign=imageinfo&utm_content=thumbnail,
cj-abrams,CJ Abrams,Common,"Shortstop, Washington Nationals",2024 All-Star; 30/30 speed.,https://thumb.wikimedia.org/wikipedia/commons/thumb/d/d0/C._J._Abrams_at_bat%2C_July_29%2C_2023.jpg/1280px-C._J._Abrams_at_bat%2C_July_29%2C_2023.jpg?utm_source=commons.wikimedia.org&utm_campaign=imageinfo&utm_content=thumbnail,
dylan-crews,Dylan Crews,Common,"Outfielder, Washington Nationals",2023 No. 2 pick; 2024 debut.,https://thumb.wikimedia.org/wikipedia/commons/thumb/e/e9/Dylan_Crews.jpg/1280px-Dylan_Crews.jpg?utm_source=commons.wikimedia.org&utm_campaign=imageinfo&utm_content=thumbnail,
keibert-ruiz,Keibert Ruiz,Common,"Catcher, Washington Nationals",2023 All-Star.,https://thumb.wikimedia.org/wikipedia/commons/thumb/9/9f/Keibert_Ruiz_%2852031838622%29_%28cropped%29.jpg/1280px-Keibert_Ruiz_%2852031838622%29_%28cropped%29.jpg?utm_source=commons.wikimedia.org&utm_campaign=imageinfo&utm_content=thumbnail,
cade-cavalli,Cade Cavalli,Common,"Starting Pitcher, Washington Nationals",Back from Tommy John.,https://upload.wikimedia.org/wikipedia/commons/1/1c/Cade_Cavalli_%2820220830SM815%29_%28cropped%29.jpg?utm_source=commons.wikimedia.org&utm_campaign=imageinfo&utm_content=thumbnail_unscaled,
josiah-gray,Josiah Gray,Common,"Starting Pitcher, Washington Nationals",2023 All-Star; ex-Dodger.,https://thumb.wikimedia.org/wikipedia/commons/thumb/2/2b/Josiah_Gray.jpg/1280px-Josiah_Gray.jpg?utm_source=commons.wikimedia.org&utm_campaign=imageinfo&utm_content=thumbnail,
eury-perez,Eury Pérez,Common,"Starting Pitcher, Miami Marlins",'La Guagua'; 2023 rookie star.,https://www.baseball-reference.com/req/2025011210/images/headshots/9/9b3bdf4e_mlbam.jpg,
owen-caissie,Owen Caissie,Common,"Outfielder, Miami Marlins",Ex-Cubs prospect; 2025 debut.,https://upload.wikimedia.org/wikipedia/commons/1/12/Owen_Caissie_%2853620274860%29_%28cropped%29.jpg?utm_source=commons.wikimedia.org&utm_campaign=imageinfo&utm_content=thumbnail_unscaled,
xavier-edwards,Xavier Edwards,Common,"Second Baseman, Miami Marlins",.300 hitter; 30-steal speed.,https://thumb.wikimedia.org/wikipedia/commons/thumb/f/f1/Curtis_Mead_and_Xavier_Edwards_%2855309900547%29.jpg/1280px-Curtis_Mead_and_Xavier_Edwards_%2855309900547%29.jpg?utm_source=commons.wikimedia.org&utm_campaign=imageinfo&utm_content=thumbnail,
agustin-ramirez,Agustín Ramírez,Common,"Catcher, Miami Marlins",Rookie catcher with pop.,https://thumb.wikimedia.org/wikipedia/commons/thumb/4/4d/Agust%C3%ADn_Ram%C3%ADrez.jpg/1280px-Agust%C3%ADn_Ram%C3%ADrez.jpg?utm_source=commons.wikimedia.org&utm_campaign=imageinfo&utm_content=thumbnail,
otto-lopez,Otto Lopez,Common,"Shortstop, Miami Marlins",2024 All-Star.,https://thumb.wikimedia.org/wikipedia/commons/thumb/d/da/Otto_Lopez_interview.png/1280px-Otto_Lopez_interview.png?utm_source=commons.wikimedia.org&utm_campaign=imageinfo&utm_content=thumbnail,
jakob-marsee,Jakob Marsee,Common,"Outfielder, Miami Marlins",Speed demon; 2025 debut.,https://thumb.wikimedia.org/wikipedia/commons/thumb/4/41/Jakob_Marsee_%2855310977479%29.jpg/1280px-Jakob_Marsee_%2855310977479%29.jpg?utm_source=commons.wikimedia.org&utm_campaign=imageinfo&utm_content=thumbnail,
pete-fairbanks,Pete Fairbanks,Common,"Closer, Miami Marlins",Ex-Ray; 100 mph closer.,https://thumb.wikimedia.org/wikipedia/commons/thumb/f/f9/Peter_Fairbanks_%2848104018691%29.jpg/1280px-Peter_Fairbanks_%2848104018691%29.jpg?utm_source=commons.wikimedia.org&utm_campaign=imageinfo&utm_content=thumbnail,
ryan-gusto,Ryan Gusto,Common,"Starting Pitcher, Miami Marlins",Ex-Astro; rotation arm.,https://www.baseball-reference.com/req/2025011210/images/headshots/f/f91b25e6_mlbam.jpg,
spencer-schwellenbach,Spencer Schwellenbach,Common,"Starting Pitcher, Atlanta Braves",2024 rookie; 2025 breakout.,https://www.baseball-reference.com/req/2025011210/images/headshots/a/a4b13420_mlbam.jpg,
sean-murphy,Sean Murphy,Common,"Catcher, Atlanta Braves",2023 All-Star; ex-Athletic.,https://upload.wikimedia.org/wikipedia/commons/c/c0/Sean_Murphy_%28UxTj0nGDxGk%29.png?utm_source=commons.wikimedia.org&utm_campaign=imageinfo&utm_content=thumbnail_unscaled,
drake-baldwin,Drake Baldwin,Common,"Catcher, Atlanta Braves",2025 rookie standout.,https://thumb.wikimedia.org/wikipedia/commons/thumb/8/84/DrakeBaldwin.jpg/1280px-DrakeBaldwin.jpg?utm_source=commons.wikimedia.org&utm_campaign=imageinfo&utm_content=thumbnail,
tyler-mahle,Tyler Mahle,Common,"Starting Pitcher, Atlanta Braves",Ex-Red; rotation veteran.,https://www.baseball-reference.com/req/2025011210/images/headshots/a/a4dc40fa_mlbam.jpg,
lars-nootbaar,Lars Nootbaar,Common,"Outfielder, St. Louis Cardinals",'Nootbaar!' Team Japan star.,https://thumb.wikimedia.org/wikipedia/commons/thumb/c/c2/Lars_Nootbaar_%2843785205992%29.jpg/1280px-Lars_Nootbaar_%2843785205992%29.jpg?utm_source=commons.wikimedia.org&utm_campaign=imageinfo&utm_content=thumbnail,
ivan-herrera,Iván Herrera,Common,"Catcher, St. Louis Cardinals",2025 breakout bat.,https://upload.wikimedia.org/wikipedia/commons/d/dd/Ivan_Herrera_2025.png?utm_source=commons.wikimedia.org&utm_campaign=imageinfo&utm_content=thumbnail_unscaled,
andre-pallante,Andre Pallante,Common,"Starting Pitcher, St. Louis Cardinals",Ground-ball machine.,https://upload.wikimedia.org/wikipedia/commons/d/da/Andre_Pallante_2024.png?utm_source=commons.wikimedia.org&utm_campaign=imageinfo&utm_content=thumbnail_unscaled,
victor-scott-ii,Victor Scott II,Common,"Outfielder, St. Louis Cardinals",80-grade speed; 2024 debut.,https://upload.wikimedia.org/wikipedia/commons/2/24/Victorscottii_2024.png?utm_source=commons.wikimedia.org&utm_campaign=imageinfo&utm_content=thumbnail_unscaled,
brice-turang,Brice Turang,Common,"Second Baseman, Milwaukee Brewers",2024 Gold Glove; 50-steal speed.,https://thumb.wikimedia.org/wikipedia/commons/thumb/6/6e/Turang_1_61824.jpg/1280px-Turang_1_61824.jpg?utm_source=commons.wikimedia.org&utm_campaign=imageinfo&utm_content=thumbnail,
tobias-myers,Tobias Myers,Common,"Starting Pitcher, Milwaukee Brewers",2024 rookie breakout.,https://thumb.wikimedia.org/wikipedia/commons/thumb/5/5d/Tobias_Myers_1_61824.jpg/1280px-Tobias_Myers_1_61824.jpg?utm_source=commons.wikimedia.org&utm_campaign=imageinfo&utm_content=thumbnail,
sal-frelick,Sal Frelick,Common,"Outfielder, Milwaukee Brewers",2023 rookie; Gold Glove defender.,https://upload.wikimedia.org/wikipedia/commons/f/f4/Sal_Frelick_in_2023_WBC.jpg?utm_source=commons.wikimedia.org&utm_campaign=imageinfo&utm_content=thumbnail_unscaled,
abner-uribe,Abner Uribe,Common,"Reliever, Milwaukee Brewers",100 mph; 2024 breakout.,https://thumb.wikimedia.org/wikipedia/commons/thumb/6/67/Abner_Uribe.jpg/1280px-Abner_Uribe.jpg?utm_source=commons.wikimedia.org&utm_campaign=imageinfo&utm_content=thumbnail,
nico-hoerner,Nico Hoerner,Common,"Second Baseman, Chicago Cubs",2023 Gold Glove; contact star.,https://thumb.wikimedia.org/wikipedia/commons/thumb/5/57/Nico_Hoerner.jpg/1280px-Nico_Hoerner.jpg?utm_source=commons.wikimedia.org&utm_campaign=imageinfo&utm_content=thumbnail,
justin-steele,Justin Steele,Common,"Starting Pitcher, Chicago Cubs",2023 All-Star; ace when healthy.,https://www.baseball-reference.com/req/2025011210/images/headshots/3/38b10c6a_mlbam.jpg,
seiya-suzuki,Seiya Suzuki,Common,"Designated Hitter, Chicago Cubs",25-HR power from Japan.,https://thumb.wikimedia.org/wikipedia/commons/thumb/1/1a/Seiya_Suzuki.jpg/1280px-Seiya_Suzuki.jpg?utm_source=commons.wikimedia.org&utm_campaign=imageinfo&utm_content=thumbnail,
michael-busch,Michael Busch,Common,"First Baseman, Chicago Cubs",Ex-Dodger; 30-HR pop.,https://thumb.wikimedia.org/wikipedia/commons/thumb/5/55/Michael_Busch_%2853082796148%29.jpg/1280px-Michael_Busch_%2853082796148%29.jpg?utm_source=commons.wikimedia.org&utm_campaign=imageinfo&utm_content=thumbnail,
ian-happ,Ian Happ,Common,"Left Field, Chicago Cubs",3x Gold Glove winner.,https://thumb.wikimedia.org/wikipedia/commons/thumb/c/c1/Ian_Happ_%2829517304627%29.jpg/1280px-Ian_Happ_%2829517304627%29.jpg?utm_source=commons.wikimedia.org&utm_campaign=imageinfo&utm_content=thumbnail,
spencer-steer,Spencer Steer,Common,"Infielder, Cincinnati Reds",20/20 utility man.,https://thumb.wikimedia.org/wikipedia/commons/thumb/0/07/Spencer_Steer_batting%2C_July_20%2C_2025_%281%29_%28cropped%29.jpg/1280px-Spencer_Steer_batting%2C_July_20%2C_2025_%281%29_%28cropped%29.jpg?utm_source=commons.wikimedia.org&utm_campaign=imageinfo&utm_content=thumbnail,
noelvi-marte,Noelvi Marte,Common,"Third Baseman, Cincinnati Reds",2024 debut; big raw power.,https://thumb.wikimedia.org/wikipedia/commons/thumb/f/f9/NoelviMarte.jpg/1280px-NoelviMarte.jpg?utm_source=commons.wikimedia.org&utm_campaign=imageinfo&utm_content=thumbnail,
rhett-lowder,Rhett Lowder,Common,"Starting Pitcher, Cincinnati Reds",2023 No. 7 pick; 2024 debut.,https://upload.wikimedia.org/wikipedia/commons/3/37/Rhett_Lowder_of_the_Reds_2026.png?utm_source=commons.wikimedia.org&utm_campaign=imageinfo&utm_content=thumbnail_unscaled,
mitch-keller,Mitch Keller,Common,"Starting Pitcher, Pittsburgh Pirates",2023 All-Star; innings eater.,https://thumb.wikimedia.org/wikipedia/commons/thumb/d/d4/Mitch_Keller_%2840640009854%29.jpg/1280px-Mitch_Keller_%2840640009854%29.jpg?utm_source=commons.wikimedia.org&utm_campaign=imageinfo&utm_content=thumbnail,
bubba-chandler,Bubba Chandler,Common,"Starting Pitcher, Pittsburgh Pirates",Top prospect; 2025 debut.,https://thumb.wikimedia.org/wikipedia/commons/thumb/3/38/BubbaChandlerFCL.jpg/1280px-BubbaChandlerFCL.jpg?utm_source=commons.wikimedia.org&utm_campaign=imageinfo&utm_content=thumbnail,
nick-gonzales,Nick Gonzales,Common,"Second Baseman, Pittsburgh Pirates",2024 everyday role.,https://thumb.wikimedia.org/wikipedia/commons/thumb/2/2d/Nick_Gonzales_%2853188448245%29.jpg/1280px-Nick_Gonzales_%2853188448245%29.jpg?utm_source=commons.wikimedia.org&utm_campaign=imageinfo&utm_content=thumbnail,
joey-bart,Joey Bart,Common,"Catcher, Pittsburgh Pirates",Ex-Giant; 2024 revival.,https://thumb.wikimedia.org/wikipedia/commons/thumb/a/af/Joey_Bart_%2848262322782%29_%28cropped%29.jpg/1280px-Joey_Bart_%2848262322782%29_%28cropped%29.jpg?utm_source=commons.wikimedia.org&utm_campaign=imageinfo&utm_content=thumbnail,
tyler-glasnow,Tyler Glasnow,Common,"Starting Pitcher, Los Angeles Dodgers",2024 All-Star; 100 mph.,https://thumb.wikimedia.org/wikipedia/commons/thumb/2/2b/TylerGlasnow.jpg/1280px-TylerGlasnow.jpg?utm_source=commons.wikimedia.org&utm_campaign=imageinfo&utm_content=thumbnail,
roki-sasaki,Roki Sasaki,Common,"Starting Pitcher, Los Angeles Dodgers",102 mph from Japan; 2025 debut.,https://upload.wikimedia.org/wikipedia/commons/1/1a/Roki.sasaki_marines.jpg?utm_source=commons.wikimedia.org&utm_campaign=imageinfo&utm_content=thumbnail_unscaled,
tommy-edman,Tommy Edman,Common,"Utility, Los Angeles Dodgers",2024 NLCS MVP.,https://thumb.wikimedia.org/wikipedia/commons/thumb/1/1c/TommyEdman.jpg/1280px-TommyEdman.jpg?utm_source=commons.wikimedia.org&utm_campaign=imageinfo&utm_content=thumbnail,
andy-pages,Andy Pages,Common,"Outfielder, Los Angeles Dodgers",2024 rookie standout.,https://upload.wikimedia.org/wikipedia/commons/6/6c/Andy_Pages_Batting_at_Dodger_Stadium_April_15%2C_2026_%28cropped%29.jpg?utm_source=commons.wikimedia.org&utm_campaign=imageinfo&utm_content=thumbnail_unscaled,
max-muncy,Max Muncy,Common,"Third Baseman, Los Angeles Dodgers",2x All-Star; 35-HR power.,https://thumb.wikimedia.org/wikipedia/commons/thumb/1/11/Max_Muncy_001.jpg/1280px-Max_Muncy_001.jpg?utm_source=commons.wikimedia.org&utm_campaign=imageinfo&utm_content=thumbnail,
dalton-rushing,Dalton Rushing,Common,"Catcher, Los Angeles Dodgers",Top prospect; 2025 debut.,https://thumb.wikimedia.org/wikipedia/commons/thumb/f/fc/DaltonRushing.jpg/1280px-DaltonRushing.jpg?utm_source=commons.wikimedia.org&utm_campaign=imageinfo&utm_content=thumbnail,
hyeseong-kim,Hyeseong Kim,Common,"Infielder, Los Angeles Dodgers",From Korea; 2025 debut.,https://thumb.wikimedia.org/wikipedia/commons/thumb/a/a1/MLB_Baseball_Kim_Hyeseong.jpg/1280px-MLB_Baseball_Kim_Hyeseong.jpg?utm_source=commons.wikimedia.org&utm_campaign=imageinfo&utm_content=thumbnail,
tanner-scott,Tanner Scott,Common,"Closer, Los Angeles Dodgers",2024 All-Star; $72M arm.,https://thumb.wikimedia.org/wikipedia/commons/thumb/b/bc/TannerScott.jpg/1280px-TannerScott.jpg?utm_source=commons.wikimedia.org&utm_campaign=imageinfo&utm_content=thumbnail,
brandon-pfaadt,Brandon Pfaadt,Common,"Starting Pitcher, Arizona Diamondbacks",2023 playoff hero.,https://www.baseball-reference.com/req/2025011210/images/headshots/4/4ffb4f07_mlbam.jpg,
geraldo-perdomo,Geraldo Perdomo,Common,"Shortstop, Arizona Diamondbacks",2023 All-Star.,https://thumb.wikimedia.org/wikipedia/commons/thumb/8/8d/GeraldoPerdomo.jpg/1280px-GeraldoPerdomo.jpg?utm_source=commons.wikimedia.org&utm_campaign=imageinfo&utm_content=thumbnail,
alek-thomas,Alek Thomas,Common,"Outfielder, Arizona Diamondbacks",2023 playoff star.,https://thumb.wikimedia.org/wikipedia/commons/thumb/8/89/Alek_Thomas_8.19.2023.jpg/1280px-Alek_Thomas_8.19.2023.jpg?utm_source=commons.wikimedia.org&utm_campaign=imageinfo&utm_content=thumbnail,
robert-suarez,Robert Suarez,Common,"Closer, San Diego Padres",2024 All-Star closer.,https://thumb.wikimedia.org/wikipedia/commons/thumb/8/85/Hawks-Robert_Suarez_2016.jpg/1280px-Hawks-Robert_Suarez_2016.jpg?utm_source=commons.wikimedia.org&utm_campaign=imageinfo&utm_content=thumbnail,
nick-pivetta,Nick Pivetta,Common,"Starting Pitcher, San Diego Padres",200-K arm; ex-Red Sox.,https://upload.wikimedia.org/wikipedia/commons/9/90/Nick_Pivetta.png?utm_source=commons.wikimedia.org&utm_campaign=imageinfo&utm_content=thumbnail_unscaled,
jake-cronenworth,Jake Cronenworth,Common,"Second Baseman, San Diego Padres",2x All-Star; 2021 rookie star.,https://thumb.wikimedia.org/wikipedia/commons/thumb/5/5d/Jake_Cronenworth_6.19.21_Cropped.jpg/1280px-Jake_Cronenworth_6.19.21_Cropped.jpg?utm_source=commons.wikimedia.org&utm_campaign=imageinfo&utm_content=thumbnail,
robbie-ray,Robbie Ray,Common,"Starting Pitcher, San Francisco Giants",2021 AL Cy Young.,https://thumb.wikimedia.org/wikipedia/commons/thumb/d/d1/Robbie_Ray_%2813316678815%29.jpg/1280px-Robbie_Ray_%2813316678815%29.jpg?utm_source=commons.wikimedia.org&utm_campaign=imageinfo&utm_content=thumbnail,
heliot-ramos,Heliot Ramos,Common,"Outfielder, San Francisco Giants",2024 All-Star.,https://upload.wikimedia.org/wikipedia/commons/8/81/Heliot_Ramos_%289sVyQt-8ZEI%29.png?utm_source=commons.wikimedia.org&utm_campaign=imageinfo&utm_content=thumbnail_unscaled,
patrick-bailey,Patrick Bailey,Common,"Catcher, San Francisco Giants",Gold Glove defender.,https://thumb.wikimedia.org/wikipedia/commons/thumb/c/c1/Patrick_Bailey_%2855414650457%29.jpg/1280px-Patrick_Bailey_%2855414650457%29.jpg?utm_source=commons.wikimedia.org&utm_campaign=imageinfo&utm_content=thumbnail,
hayden-birdsong,Hayden Birdsong,Common,"Starting Pitcher, San Francisco Giants",2024 rookie; 100 mph.,https://www.baseball-reference.com/req/2025011210/images/headshots/9/93c69aad_mlbam.jpg,
brenton-doyle,Brenton Doyle,Common,"Center Field, Colorado Rockies",2024 Gold Glove.,https://thumb.wikimedia.org/wikipedia/commons/thumb/9/90/Brenton_Doyle_taking_home_on_an_error_%2853955526726%29.jpg/1280px-Brenton_Doyle_taking_home_on_an_error_%2853955526726%29.jpg?utm_source=commons.wikimedia.org&utm_campaign=imageinfo&utm_content=thumbnail,
chase-dollander,Chase Dollander,Common,"Starting Pitcher, Colorado Rockies",2023 No. 9 pick; 2025 debut.,https://www.baseball-reference.com/req/2025011210/images/headshots/c/c5a77c39_mlbam.jpg,
hunter-goodman,Hunter Goodman,Common,"Catcher, Colorado Rockies",2025 breakout bat.,https://www.baseball-reference.com/req/2025011210/images/headshots/0/02001c3c_mlbam.jpg,
